L_G_integrated,L_q_actual,L_q_per_surface_length,R_G0,anchor_id,anisotropy_level,continuation_runtime,eigen_direction,failure_reason,kappa_R,lift_found,max_axis_error,max_position_error,min_joint_limit_margin,min_sigma_min_5,minimum_absolute_joint_margin_rad,probe_length_requested,relative_length_error,shared_q_hash,sign,sqrt_lambda_initial,strict_kinematics_pass,surface_id,surface_length_actual,witness_index
0.010394854512609228,0.01224877449352231,3.062193623399527,1.571744482410761,A00,P_low,0.3164363382384181,min,,2.4703807179886708,True,0.0013730186416609867,0.0009995677005782575,0.09289287851611577,0.7005216708322014,1.167327210727347,0.004,6.188192319678265e-12,75de4618234a61207128798d0e85fce43d4d0b766ecccb12b88225cfd39842c5,-1,2.5999680741862505,True,saddle,0.003999999999975247,22
0.010399937595417626,0.010645596725139305,2.661399181368785,1.571744482410761,A00,P_low,0.30702114943414927,min,,2.4703807179886708,True,0.0013728358541953705,0.000999925254257956,0.09307818210340495,0.7008313186759567,1.169655806020586,0.004,3.154703061281072e-11,75de4618234a61207128798d0e85fce43d4d0b766ecccb12b88225cfd39842c5,1,2.5999680741862505,True,saddle,0.003999999999873812,22
0.016306750623946733,0.01377311326412251,3.4432783163856713,1.571744482410761,A00,P_low,0.30579430516809225,max,,2.4703807179886708,True,0.002774834025307939,0.000999957050415433,0.09227483283803374,0.6998854081000792,1.1595606138792105,0.004,1.0311218025249591e-10,75de4618234a61207128798d0e85fce43d4d0b766ecccb12b88225cfd39842c5,-1,4.086485475046371,True,saddle,0.003999999999587551,22
0.016361077381415436,0.015297590338910916,3.8243975859513037,1.571744482410761,A00,P_low,0.3027659235522151,max,,2.4703807179886708,True,0.002786400999670263,0.0009993571023561654,0.09307818210340495,0.7008313186759567,1.169655806020586,0.004,3.19939170642658e-10,75de4618234a61207128798d0e85fce43d4d0b766ecccb12b88225cfd39842c5,1,4.086485475046371,True,saddle,0.003999999998720243,22
0.020854509544388982,0.024464682086178823,3.058085261618306,1.571744482410761,A00,P_low,0.3510373719036579,min,,2.4703807179886708,True,0.0013730186416609867,0.0009996174287992068,0.09271476476766609,0.7001909157207742,1.1650889656811039,0.008,2.7662832961794503e-10,75de4618234a61207128798d0e85fce43d4d0b766ecccb12b88225cfd39842c5,-1,2.5999680741862505,True,saddle,0.007999999997786974,22
0.02080824235791636,0.026257933548995603,3.2822416938284698,1.571744482410761,A00,P_low,0.35359422769397497,min,,2.4703807179886708,True,0.0013734863184813291,0.0009999477721119644,0.09307818210340495,0.7008313186759567,1.169655806020586,0.008,6.215861159120095e-11,75de4618234a61207128798d0e85fce43d4d0b766ecccb12b88225cfd39842c5,1,2.5999680741862505,True,saddle,0.007999999999502731,22
0.030789491995207946,0.030986757160058727,3.87334464559787,1.571744482410761,A00,P_low,0.3640938503667712,max,,2.4703807179886708,True,0.002774834025307939,0.000999957050415433,0.09154595838315359,0.6986994721631744,1.1504013005068936,0.008,1.5245985897360814e-10,75de4618234a61207128798d0e85fce43d4d0b766ecccb12b88225cfd39842c5,-1,4.086485475046371,True,saddle,0.007999999998780321,22
0.03274983919241609,0.03117284908289372,3.89660613536841,1.571744482410761,A00,P_low,0.35824416670948267,max,,2.4703807179886708,True,0.002786400999670263,0.0009995771755677407,0.09307818210340495,0.7008313186759567,1.169655806020586,0.008,1.7182436029550274e-12,75de4618234a61207128798d0e85fce43d4d0b766ecccb12b88225cfd39842c5,1,4.086485475046371,True,saddle,0.007999999999986254,22
0.010683936764541936,0.010932399122779601,2.733099844187746,1.3751110544873328,A01,P_low,0.30858933739364147,min,,1.8909304121732642,True,0.000858291162818479,0.0009952607402937263,0.10470571185895881,0.8187063649107394,1.2479396980748407,0.004,2.323107439923533e-08,aee1d96e0d3ca4846654e0a5d4f512bafc45c1d01f40fa71ccf7fec8fda9cf21,-1,2.667946885451892,True,saddle,0.0039999999070757025,233
0.010656824993993072,0.011741703414597942,2.9354259147731248,1.3751110544873328,A01,P_low,0.31050629168748856,min,,1.8909304121732642,True,0.0008564482938273323,0.000999718740187504,0.10486880101098503,0.8177463643433742,1.2470382355598402,0.004,2.0822749774440652e-08,aee1d96e0d3ca4846654e0a5d4f512bafc45c1d01f40fa71ccf7fec8fda9cf21,1,2.667946885451892,True,saddle,0.003999999916709001,233
0.014707199765957477,0.013302781443639018,3.3256953627184673,1.3751110544873328,A01,P_low,0.30987873021513224,max,,1.8909304121732642,True,0.0008589911563866082,0.0009975939923892372,0.10428611485208747,0.8187063649107394,1.2448710433457097,0.004,5.438600958473927e-10,aee1d96e0d3ca4846654e0a5d4f512bafc45c1d01f40fa71ccf7fec8fda9cf21,-1,3.6687232549699464,True,saddle,0.00399999999782456,233
0.014642992559504811,0.014249406848266546,3.5623517135219314,1.3751110544873328,A01,P_low,0.30595798790454865,max,,1.8909304121732642,True,0.0008568154628199809,0.0009992597140916944,0.10486880101098503,0.8162218785307185,1.2479396980748407,0.004,4.0852087337950316e-10,aee1d96e0d3ca4846654e0a5d4f512bafc45c1d01f40fa71ccf7fec8fda9cf21,1,3.6687232549699464,True,saddle,0.003999999998365917,233
0.02140598085185886,0.024461168542191526,3.0576460677859187,1.3751110544873328,A01,P_low,0.36667940113693476,min,,1.8909304121732642,True,0.000858291162818479,0.0009952607402937263,0.10451176858730894,0.8187063649107394,1.2479396980748407,0.008,3.917439289624625e-12,aee1d96e0d3ca4846654e0a5d4f512bafc45c1d01f40fa71ccf7fec8fda9cf21,-1,2.667946885451892,True,saddle,0.00799999999996866,233
0.021277643956811306,0.024252873891862318,3.03160923649099,1.3751110544873328,A01,P_low,0.36118672136217356,min,,1.8909304121732642,True,0.0008564482938273323,0.000999718740187504,0.10486880101098503,0.8167035721357819,1.2461354718435824,0.008,2.7048675799168365e-12,aee1d96e0d3ca4846654e0a5d4f512bafc45c1d01f40fa71ccf7fec8fda9cf21,1,2.667946885451892,True,saddle,0.007999999999978361,233
0.029504233748331374,0.029802630126334446,3.7253287681184197,1.3751110544873328,A01,P_low,0.35794992186129093,max,,1.8909304121732642,True,0.0008589911563866082,0.0009975939923892372,0.10356873647221043,0.8187063649107394,1.2411690918241556,0.008,6.245392657894255e-10,aee1d96e0d3ca4846654e0a5d4f512bafc45c1d01f40fa71ccf7fec8fda9cf21,-1,3.6687232549699464,True,saddle,0.007999999995003686,233
0.02920233920996239,0.02940105902998457,3.675132380034086,1.3751110544873328,A01,P_low,0.3618634259328246,max,,1.8909304121732642,True,0.0008568185472302991,0.0009992597140916944,0.10486880101098503,0.8135931636624968,1.2479396980748407,0.008,3.499234322440481e-10,aee1d96e0d3ca4846654e0a5d4f512bafc45c1d01f40fa71ccf7fec8fda9cf21,1,3.6687232549699464,True,saddle,0.007999999997200613,233
0.015496944101289276,0.017687465681275376,4.421866420559421,1.1714480981319684,A02,P_low,0.3091432712972164,min,,1.372290646617006,True,0.002816872671594933,0.0009999428626223993,0.11518996953359371,0.7704635921512065,1.2936615751932399,0.004,5.44061323770606e-11,8902b8e64b97987b45104778cdcbf35d1fa5a6ad9bd29f9a13dc4ab13ffa75e1,-1,3.8758205766433247,True,saddle,0.0039999999997823756,466
0.015502096545167949,0.016565982995983247,4.141495792667659,1.1714480981319684,A02,P_low,0.3106179852038622,min,,1.372290646617006,True,0.0028062026198394066,0.0009997560944661852,0.11537890198344226,0.7707346589402225,1.2968247802471349,0.004,1.0544945559104457e-08,8902b8e64b97987b45104778cdcbf35d1fa5a6ad9bd29f9a13dc4ab13ffa75e1,1,3.8758205766433247,True,saddle,0.003999999957820218,466
0.018128610842879207,0.01844167638480746,4.610419121224511,1.1714480981319684,A02,P_low,0.30985323805361986,max,,1.372290646617006,True,0.0020784347588506877,0.000755057229780506,0.11537890198344226,0.7674701566974576,1.2968247802471349,0.004,5.4274124257347456e-09,8902b8e64b97987b45104778cdcbf35d1fa5a6ad9bd29f9a13dc4ab13ffa75e1,-1,4.5403226432095725,True,saddle,0.00399999997829035,466
0.018191564021973798,0.01731797546714423,4.329493866851733,1.1714480981319684,A02,P_low,0.3043685657903552,max,,1.372290646617006,True,0.0027907317727094774,0.0009997244968304353,0.11479301344005427,0.7707346589402225,1.2945876737657185,0.004,1.516928943567919e-11,8902b8e64b97987b45104778cdcbf35d1fa5a6ad9bd29f9a13dc4ab13ffa75e1,1,4.5403226432095725,True,saddle,0.003999999999939323,466
0.03096615242669142,0.035313180382493904,4.414147548740936,1.1714480981319684,A02,P_low,0.3606740841642022,min,,1.372290646617006,True,0.002816872671594933,0.0009999428626223993,0.11501003537191537,0.7701645959482041,1.2906177686845435,0.008,2.105045738415301e-10,8902b8e64b97987b45104778cdcbf35d1fa5a6ad9bd29f9a13dc4ab13ffa75e1,-1,3.8758205766433247,True,saddle,0.007999999998315964,466
0.031020195817581246,0.03436956310841551,4.2961953912487,1.1714480981319684,A02,P_low,0.35556874703615904,min,,1.372290646617006,True,0.002806867073880471,0.000999809970039558,0.11537890198344226,0.7707346589402225,1.2968247802471349,0.008,6.277092561013387e-10,8902b8e64b97987b45104778cdcbf35d1fa5a6ad9bd29f9a13dc4ab13ffa75e1,1,3.8758205766433247,True,saddle,0.007999999994978326,466
0.03629684938209416,0.0369713279588881,4.621415994896767,1.1714480981319684,A02,P_low,0.36266118474304676,max,,1.372290646617006,True,0.0021483515312914017,0.000755057229780506,0.11537890198344226,0.7642510191376555,1.2968247802471349,0.008,7.736649862422063e-12,8902b8e64b97987b45104778cdcbf35d1fa5a6ad9bd29f9a13dc4ab13ffa75e1,-1,4.5403226432095725,True,saddle,0.007999999999938107,466
0.03645077697688772,0.0346592678995026,4.332408491107741,1.1714480981319684,A02,P_low,0.35453375428915024,max,,1.372290646617006,True,0.0027907317727094774,0.0009997244968304353,0.11420794950819879,0.7707346589402225,1.2923901134484141,0.008,8.470845552777106e-10,8902b8e64b97987b45104778cdcbf35d1fa5a6ad9bd29f9a13dc4ab13ffa75e1,1,4.5403226432095725,True,saddle,0.007999999993223324,466
0.015921938221873926,0.016886324263223878,4.221581065834125,1.1153048636271048,A03,P_low,0.3031825292855501,min,,1.243904938830275,True,0.0029093152661288178,0.000999375425583569,0.11993136731931722,0.758578801056036,1.3395080256029277,0.004,6.669578084261829e-12,57664145b91c45ee9ba787d3cfbd58f5599eac84f9b08e320f5af15567f57dd8,-1,3.983349453208199,True,saddle,0.003999999999973322,685
0.01593042170812915,0.016839813586375228,4.209953397758205,1.1153048636271048,A03,P_low,0.30895830877125263,min,,1.243904938830275,True,0.002922447101005674,0.0009998076057490266,0.11962534264726761,0.7588924722189625,1.3360905219545036,0.004,2.7658214260539715e-10,57664145b91c45ee9ba787d3cfbd58f5599eac84f9b08e320f5af15567f57dd8,1,3.983349453208199,True,saddle,0.0039999999988936715,685
0.017797143501232657,0.016752437806004074,4.1881094531989,1.1153048636271048,A03,P_low,0.3081326764076948,max,,1.243904938830275,True,0.002858269480351638,0.0009993670199250487,0.11938163944179368,0.7588924722189625,1.3375962625017705,0.004,4.054050931762143e-10,57664145b91c45ee9ba787d3cfbd58f5599eac84f9b08e320f5af15567f57dd8,-1,4.442649018689473,True,saddle,0.00399999999837838,685
0.017739049864967864,0.017862201430053466,4.465550357577465,1.1153048636271048,A03,P_low,0.3150330390781164,max,,1.243904938830275,True,0.00212882730447241,0.00075452970026158,0.11993136731931722,0.755592133938221,1.3395080256029277,0.004,1.435396940197009e-11,57664145b91c45ee9ba787d3cfbd58f5599eac84f9b08e320f5af15567f57dd8,1,4.442649018689473,True,saddle,0.003999999999942584,685
0.03184316483175343,0.03502848383516724,4.378560502096416,1.1153048636271048,A03,P_low,0.356167565099895,min,,1.243904938830275,True,0.002910865607903322,0.0009993949168427374,0.11993136731931722,0.758221492453439,1.3395080256029277,0.008,5.184468956573318e-09,57664145b91c45ee9ba787d3cfbd58f5599eac84f9b08e320f5af15567f57dd8,-1,3.983349453208199,True,saddle,0.007999999958524249,685
0.03184897394911181,0.03482876048494911,4.353595064809018,1.1153048636271048,A03,P_low,0.36353270523250103,min,,1.243904938830275,True,0.002922447101005674,0.0009999033492239142,0.11930534123535363,0.7588924722189625,1.3325526947883808,0.008,9.62510236443559e-10,57664145b91c45ee9ba787d3cfbd58f5599eac84f9b08e320f5af15567f57dd8,1,3.983349453208199,True,saddle,0.007999999992299918,685
0.03564971049982805,0.03349206315688025,4.186507896406409,1.1153048636271048,A03,P_low,0.3559661665931344,max,,1.243904938830275,True,0.002858269480351638,0.0009993995226174114,0.11883280125873615,0.7588924722189625,1.335712453091897,0.008,4.290875380702497e-10,57664145b91c45ee9ba787d3cfbd58f5599eac84f9b08e320f5af15567f57dd8,-1,4.442649018689473,True,saddle,0.0079999999965673,685
0.03544287904966552,0.031663313584446615,3.9579142232733044,1.1153048636271048,A03,P_low,0.35956586617976427,max,,1.243904938830275,True,0.0026282267607221164,0.0009129571048375441,0.11993136731931722,0.7530742263507866,1.3395080256029277,0.008,6.371405790114859e-09,57664145b91c45ee9ba787d3cfbd58f5599eac84f9b08e320f5af15567f57dd8,1,4.442649018689473,True,saddle,0.007999999949028754,685
0.011860814111652554,0.01288308268819904,3.2207706723595604,1.3550222660968179,A04,P_low,0.3131454922258854,min,,1.8360853416181557,True,0.0013939215529207936,0.000999702301926859,0.12263109424843106,0.7708227048492668,1.3917976312389944,0.004,9.618824833856898e-11,af70373d8d4c9b6f2a823e4fc6705258573cf530272a69bd657099af693fa559,-1,2.9628243033078956,True,saddle,0.003999999999615247,904
0.01182827844634931,0.012000771794520351,3.0001929495096173,1.3550222660968179,A04,P_low,0.3079248024150729,min,,1.8360853416181557,True,0.0013897027043753196,0.0009993398212490155,0.12286625250047016,0.7689612415392326,1.3917943293060389,0.004,2.9315764225879004e-10,af70373d8d4c9b6f2a823e4fc6705258573cf530272a69bd657099af693fa559,1,2.9628243033078956,True,saddle,0.0039999999988273695,904
0.016082512676013273,0.014622254207654015,3.6555636335095754,1.3550222660968179,A04,P_low,0.30798808205872774,max,,1.8360853416181557,True,0.0029222953853678185,0.0009954753499650654,0.12224756960915298,0.7708227048492668,1.3874006658917415,0.004,2.2321064484590036e-08,af70373d8d4c9b6f2a823e4fc6705258573cf530272a69bd657099af693fa559,-1,4.014692901514991,True,saddle,0.003999999910715742,904
0.016032217033578107,0.0157427234392925,3.935680859823127,1.3550222660968179,A04,P_low,0.30704754404723644,max,,1.8360853416181557,True,0.002909491540273212,0.0009989295106447892,0.12286625250047016,0.768833518616464,1.3917976312389944,0.004,6.505213034913027e-16,af70373d8d4c9b6f2a823e4fc6705258573cf530272a69bd657099af693fa559,1,4.014692901514991,True,saddle,0.0039999999999999975,904
0.023758156558425246,0.025775262114058207,3.221907764417414,1.3550222660968179,A04,P_low,0.3591288970783353,min,,1.8360853416181557,True,0.0013939215529207936,0.0009998044060015863,0.12240006661160452,0.7708227048492668,1.3917976312389944,0.008,4.970286335281848e-11,af70373d8d4c9b6f2a823e4fc6705258573cf530272a69bd657099af693fa559,-1,2.9628243033078956,True,saddle,0.007999999999602377,904
0.023620038012692118,0.024849200839269014,3.106150106397469,1.3550222660968179,A04,P_low,0.35739333741366863,min,,1.8360853416181557,True,0.0013897027043753196,0.0009993398212490155,0.12286625250047016,0.7669820149033587,1.3917943293060389,0.008,4.793207931258481e-10,af70373d8d4c9b6f2a823e4fc6705258573cf530272a69bd657099af693fa559,1,2.9628243033078956,True,saddle,0.007999999996165434,904
0.032167775555573486,0.03292930754008867,4.116163460241805,1.3550222660968179,A04,P_low,0.3655231259763241,max,,1.8360853416181557,True,0.0029222953853678185,0.0009954753499650654,0.1214735100081516,0.7708227048492668,1.3820246878797828,0.008,4.3075842372231055e-09,af70373d8d4c9b6f2a823e4fc6705258573cf530272a69bd657099af693fa559,-1,4.014692901514991,True,saddle,0.007999999965539326,904
0.032009702772653435,0.03258257897055335,4.072822374707924,1.3550222660968179,A04,P_low,0.3537137024104595,max,,1.8360853416181557,True,0.002909491540273212,0.0009989295106447892,0.12286625250047016,0.7666819339591335,1.3917976312389944,0.008,8.320410332940398e-10,af70373d8d4c9b6f2a823e4fc6705258573cf530272a69bd657099af693fa559,1,4.014692901514991,True,saddle,0.007999999993343672,904
0.010472219437270357,0.012630953292858772,3.1577383234798106,1.5896001891291343,A05,P_low,0.30662277806550264,min,,2.5268287612793796,True,0.0013854990937391027,0.000999401124040747,0.09865527944073847,0.7080185849630689,1.2397397304585072,0.004,8.39580141520635e-11,298dfd2628a30182226b35b478b86651864146606fdc6d833bbe32eacc7596cc,-1,2.6200561794968324,True,saddle,0.003999999999664168,1136
0.010477399627149298,0.011823674626999552,2.9559186574828527,1.5896001891291343,A05,P_low,0.30969675444066525,min,,2.5268287612793796,True,0.0013792944766181754,0.0009996122243393635,0.09890865073211856,0.708208724181907,1.2429236903870802,0.004,2.4796505994351126e-10,298dfd2628a30182226b35b478b86651864146606fdc6d833bbe32eacc7596cc,1,2.6200561794968324,True,saddle,0.00399999999900814,1136
0.016615205051246452,0.01455491192293134,3.638727983324558,1.5896001891291343,A05,P_low,0.313387181609869,max,,2.5268287612793796,True,0.002773573730186057,0.00099955940504377,0.09805688217207878,0.7068728798858144,1.2322200429895673,0.004,7.122607625226207e-10,298dfd2628a30182226b35b478b86651864146606fdc6d833bbe32eacc7596cc,-1,4.164841798457122,True,saddle,0.003999999997150957,1136
0.016647106063823493,0.014982909223594462,3.7457273066650303,1.5896001891291343,A05,P_low,0.3141743643209338,max,,2.5268287612793796,True,0.0027748242239230194,0.0009981276993682564,0.09890865073211856,0.708208724181907,1.2429236903870802,0.004,2.046104171510299e-10,298dfd2628a30182226b35b478b86651864146606fdc6d833bbe32eacc7596cc,1,4.164841798457122,True,saddle,0.003999999999181558,1136
0.021066186648691997,0.025225178168845966,3.1531472771019304,1.5896001891291343,A05,P_low,0.3581333300098777,min,,2.5268287612793796,True,0.0013854990937391027,0.0009994829775944367,0.09840948882090415,0.7078112533092955,1.2366510321292337,0.008,1.9016507118996273e-09,298dfd2628a30182226b35b478b86651864146606fdc6d833bbe32eacc7596cc,-1,2.6200561794968324,True,saddle,0.007999999984786794,1136
0.02511814853186085,0.02746580918894784,3.4332261630351932,1.5896001891291343,A05,P_low,0.35686653945595026,min,,2.5268287612793796,True,0.0028251577118819362,0.0009996122243393635,0.09890865073211856,0.708208724181907,1.2429236903870802,0.008,4.199173777794107e-09,298dfd2628a30182226b35b478b86651864146606fdc6d833bbe32eacc7596cc,1,2.6200561794968324,True,saddle,0.00799999996640661,1136
0.03317790389489665,0.0301445486656658,3.768068583975611,1.5896001891291343,A05,P_low,0.35395101737231016,max,,2.5268287612793796,True,0.002775621738523234,0.0009999236887613591,0.09714723099949124,0.705488158050413,1.2207890206873868,0.008,2.0365501819663567e-10,298dfd2628a30182226b35b478b86651864146606fdc6d833bbe32eacc7596cc,-1,4.164841798457122,True,saddle,0.00799999999837076,1136
0.033303678677127746,0.03053268732761398,3.8165859169313725,1.5896001891291343,A05,P_low,0.35537539422512054,max,,2.5268287612793796,True,0.0027748242239230194,0.0009981276993682564,0.09890865073211856,0.708208724181907,1.2429236903870802,0.008,2.566757570376943e-10,298dfd2628a30182226b35b478b86651864146606fdc6d833bbe32eacc7596cc,1,4.164841798457122,True,saddle,0.007999999997946594,1136
0.010152698999149364,0.01045827864445064,2.614569661148817,1.3227080756067398,A06,P_low,0.306028513237834,min,,1.7495566532752846,True,0.0012558403986358817,0.0009978435436602746,0.13663201763925675,0.7427879632252509,1.4923473171463184,0.004,1.3828998710052609e-11,2a057f40696ba5dd91eae60330cf96d459e9beed5b8bbad489f62eb048bb95b5,-1,2.5383872529377953,True,saddle,0.003999999999944684,1355
0.010153574419041266,0.01128130636818472,2.820326595737768,1.3227080756067398,A06,P_low,0.310266574844718,min,,1.7495566532752846,True,0.001247125946163061,0.000999736628867383,0.13693406452423393,0.7429781775496657,1.4945278820306098,0.004,1.308922154691361e-09,2a057f40696ba5dd91eae60330cf96d459e9beed5b8bbad489f62eb048bb95b5,1,2.5383872529377953,True,saddle,0.0039999999947643115,1355
0.013414708255158978,0.011911980864650309,2.9779952180299607,1.3227080756067398,A06,P_low,0.3110895939171314,max,,1.7495566532752846,True,0.0018123133027726367,0.000999396089830555,0.13693406452423393,0.7399974915402976,1.4945278820306098,0.004,6.270606863617578e-10,2a057f40696ba5dd91eae60330cf96d459e9beed5b8bbad489f62eb048bb95b5,-1,3.3575453184780297,True,saddle,0.003999999997491757,1355
0.013427268951439073,0.012754574561970294,3.188643640961275,1.3227080756067398,A06,P_low,0.31259663589298725,max,,1.7495566532752846,True,0.0018129879045369834,0.0009993146736069596,0.13639505995504211,0.7429781775496657,1.4922256798131448,0.004,1.4699092637515676e-10,2a057f40696ba5dd91eae60330cf96d459e9beed5b8bbad489f62eb048bb95b5,1,3.3575453184780297,True,saddle,0.003999999999412036,1355
0.02029262648361403,0.02332410757168378,2.9155134464863797,1.3227080756067398,A06,P_low,0.3493381990119815,min,,1.7495566532752846,True,0.0012558403986358817,0.0009978435436602746,0.1362653336982313,0.7425472062142088,1.489750389563999,0.008,8.885904165256697e-12,2a057f40696ba5dd91eae60330cf96d459e9beed5b8bbad489f62eb048bb95b5,-1,2.5383872529377953,True,saddle,0.007999999999928913,1355
0.020318109051360434,0.023375357299560168,2.9219196747443865,1.3227080756067398,A06,P_low,0.3530340874567628,min,,1.7495566532752846,True,0.001247125946163061,0.000999736628867383,0.13693406452423393,0.7429781775496657,1.4945278820306098,0.008,4.209344244693325e-09,2a057f40696ba5dd91eae60330cf96d459e9beed5b8bbad489f62eb048bb95b5,1,2.5383872529377953,True,saddle,0.007999999966325246,1355
0.02681660681523689,0.02467401932974516,3.084252419797727,1.3227080756067398,A06,P_low,0.3559946734458208,max,,1.7495566532752846,True,0.0018123133027726367,0.000999396089830555,0.13693406452423393,0.7368149021253049,1.4945278820306098,0.008,1.1605996112079575e-09,2a057f40696ba5dd91eae60330cf96d459e9beed5b8bbad489f62eb048bb95b5,-1,3.3575453184780297,True,saddle,0.007999999990715203,1355
0.02686699805922374,0.025508959707792864,3.188619963663489,1.3227080756067398,A06,P_low,0.3550600949674845,max,,1.7495566532752846,True,0.0018129879045369834,0.0009994724627629124,0.13585692120783252,0.7429781775496657,1.4899686512740313,0.008,5.939281184919043e-11,2a057f40696ba5dd91eae60330cf96d459e9beed5b8bbad489f62eb048bb95b5,1,3.3575453184780297,True,saddle,0.007999999999524858,1355
0.01584054025454052,0.018045519057785564,4.511379783163817,1.0726197489283693,A07,P_low,0.3056483967229724,min,,1.150513125791158,True,0.0029613216376902936,0.0009974754491013553,0.13060604461842035,0.721543566802631,1.4256966319370037,0.004,4.1489359690893846e-09,4680ebff1263a98a5581d8825566b1d40d669812fd65314ef7f7f44b4c1b7300,-1,3.973226006141022,True,saddle,0.003999999983404256,1581
0.015906849646297988,0.015613510431512292,3.9033776091762604,1.0726197489283693,A07,P_low,0.3143559554591775,min,,1.150513125791158,True,0.0029573157947153537,0.0009999149187573178,0.13012401456225825,0.7231855532896123,1.4211224635279212,0.004,3.3258053429296996e-10,4680ebff1263a98a5581d8825566b1d40d669812fd65314ef7f7f44b4c1b7300,1,3.973226006141022,True,saddle,0.003999999998669678,1581
0.017065167594881754,0.016926865633561414,4.231716409761463,1.0726197489283693,A07,P_low,0.31111338175833225,max,,1.150513125791158,True,0.0028416972441987673,0.0009984903993506893,0.13020626755573786,0.7231855532896123,1.4247030734388784,0.004,3.240077477151271e-10,4680ebff1263a98a5581d8825566b1d40d669812fd65314ef7f7f44b4c1b7300,-1,4.2617606811426505,True,saddle,0.003999999998703969,1581
0.016990984668901053,0.01580711595261071,3.951779002948971,1.0726197489283693,A07,P_low,0.30880963150411844,max,,1.150513125791158,True,0.00283278400223857,0.0009994105481825463,0.13060604461842035,0.7203374439197816,1.4256966319370037,0.004,3.744210887515753e-09,4680ebff1263a98a5581d8825566b1d40d669812fd65314ef7f7f44b4c1b7300,1,4.2617606811426505,True,saddle,0.0039999999850231565,1581
0.031133117571498604,0.0348644541372367,4.358056773563245,1.0726197489283693,A07,P_low,0.35682240780442953,min,,1.150513125791158,True,0.0029613216376902936,0.0009977002486849357,0.13060604461842035,0.7200170030179407,1.4256966319370037,0.008,1.4705311621177053e-09,4680ebff1263a98a5581d8825566b1d40d669812fd65314ef7f7f44b4c1b7300,-1,3.973226006141022,True,saddle,0.007999999988235751,1581
0.031861924089407176,0.03479945472803837,4.349931841217683,1.0726197489283693,A07,P_low,0.3565563280135393,min,,1.150513125791158,True,0.0029573157947153537,0.0009999149187573178,0.12953657563775184,0.7231855532896123,1.4156216708951577,0.008,4.894023554469218e-11,4680ebff1263a98a5581d8825566b1d40d669812fd65314ef7f7f44b4c1b7300,1,3.973226006141022,True,saddle,0.007999999999608478,1581
0.03419162526622391,0.03380085539962757,4.225106925173122,1.0726197489283693,A07,P_low,0.3524911077693105,max,,1.150513125791158,True,0.0028416972441987673,0.000998857403659696,0.1298101856597863,0.7231855532896123,1.4237294167318146,0.008,5.1992915181542365e-11,4680ebff1263a98a5581d8825566b1d40d669812fd65314ef7f7f44b4c1b7300,-1,4.2617606811426505,True,saddle,0.007999999999584057,1581
0.03446843521418656,0.03250277847868492,4.0628473166120544,1.0726197489283693,A07,P_low,0.3585247974842787,max,,1.150513125791158,True,0.002974178240826986,0.0009994875638045903,0.13049017719430084,0.7172300514446749,1.4256966319370037,0.008,1.6679040960865255e-09,4680ebff1263a98a5581d8825566b1d40d669812fd65314ef7f7f44b4c1b7300,1,4.2617606811426505,True,saddle,0.007999999986656767,1581
0.016393708151896277,0.01633251270432602,4.08312817615659,1.050494914696634,A08,P_low,0.31147182267159224,min,,1.1035395658034883,True,0.0029847483355291467,0.0009999772069938099,0.1203305886221803,0.6991622688619133,1.4303817881789085,0.004,1.8388936207092144e-11,51711bca8b7e83c79e577ed011a2e244b1e9dd42a9071f7ba4f893560d9a1184,-1,4.096526035327522,True,saddle,0.003999999999926444,1807
0.01635814716302568,0.01893205769167546,4.733014425376968,1.050494914696634,A08,P_low,0.31071328837424517,min,,1.1035395658034883,True,0.0029872654519212264,0.0009988903277984686,0.12089911451281928,0.6979956700486142,1.434050316035931,0.004,5.193525731000959e-10,51711bca8b7e83c79e577ed011a2e244b1e9dd42a9071f7ba4f893560d9a1184,1,4.096526035327522,True,saddle,0.00399999999792259,1807
0.01718036444890425,0.014217998358496884,3.55449959064424,1.050494914696634,A08,P_low,0.3096314212307334,max,,1.1035395658034883,True,0.002961408238674949,0.000999982551842362,0.12001293499702374,0.6965826747073006,1.434050316035931,0.004,2.8696554681129083e-10,51711bca8b7e83c79e577ed011a2e244b1e9dd42a9071f7ba4f893560d9a1184,-1,4.303379768033926,True,saddle,0.003999999998852138,1807
0.01723219916215561,0.01643208161790871,4.108020404504054,1.050494914696634,A08,P_low,0.307329922914505,max,,1.1035395658034883,True,0.0029893514530477676,0.0009990088146519583,0.12089911451281928,0.6991622688619133,1.4305877258259985,0.004,6.542292749212031e-12,51711bca8b7e83c79e577ed011a2e244b1e9dd42a9071f7ba4f893560d9a1184,1,4.303379768033926,True,saddle,0.003999999999973831,1807
0.03279731846769439,0.03635570028905766,4.54446253613616,1.050494914696634,A08,P_low,0.35515225026756525,min,,1.1035395658034883,True,0.0029847483355291467,0.0009999772069938099,0.11964576312139898,0.6991622688619133,1.4259912029952047,0.008,8.697469827678717e-13,51711bca8b7e83c79e577ed011a2e244b1e9dd42a9071f7ba4f893560d9a1184,-1,4.096526035327522,True,saddle,0.007999999999993042,1807
0.032693596164649064,0.037938696166787356,4.742337028721559,1.050494914696634,A08,P_low,0.3574682427570224,min,,1.1035395658034883,True,0.0029872654519212264,0.0009988903277984686,0.12089911451281928,0.6968171729064752,1.434050316035931,0.008,1.6601815408523457e-09,51711bca8b7e83c79e577ed011a2e244b1e9dd42a9071f7ba4f893560d9a1184,1,4.096526035327522,True,saddle,0.007999999986718548,1807
0.034307125332969216,0.03505618294059239,4.382022872000015,1.050494914696634,A08,P_low,0.35711018927395344,max,,1.1035395658034883,True,0.002961408238674949,0.000999982551842362,0.11871436576048554,0.6928619048969253,1.434050316035931,0.008,1.0100282155783846e-09,51711bca8b7e83c79e577ed011a2e244b1e9dd42a9071f7ba4f893560d9a1184,-1,4.303379768033926,True,saddle,0.007999999991919774,1807
0.03450806274827684,0.03281641223674507,4.102051549295502,1.050494914696634,A08,P_low,0.3547378471121192,max,,1.1035395658034883,True,0.0029893514530477676,0.0009991778424675672,0.12089911451281928,0.6991622688619133,1.4271475774385758,0.008,4.803052270144215e-09,51711bca8b7e83c79e577ed011a2e244b1e9dd42a9071f7ba4f893560d9a1184,1,4.303379768033926,True,saddle,0.007999999961575582,1807
0.010110284858552204,0.01081183342472566,2.702958356240486,1.6674851743410521,A09,P_low,0.31206764467060566,min,,2.780506806647209,True,0.0013293761706596298,0.0009999802917173995,0.11526612775461187,0.634037434542996,1.4484779624929995,0.004,2.1854263190790313e-11,56657f4c763493da6ad8ad94d49f52697aef9e8490e22c83143499eb5c8486c3,-1,2.529477079551806,True,saddle,0.003999999999912583,2033
0.010120082444121397,0.012525720589639402,3.1314302070469866,1.6674851743410521,A09,P_low,0.3100292170420289,min,,2.780506806647209,True,0.0013317561394658947,0.0009995993222626258,0.1155655860099753,0.633303568511568,1.4522410687240335,0.004,1.9044695941800027e-08,56657f4c763493da6ad8ad94d49f52697aef9e8490e22c83143499eb5c8486c3,1,2.529477079551806,True,saddle,0.003999999923821216,2033
0.016833817856195536,0.01568501528206514,3.9212538392507033,1.6674851743410521,A09,P_low,0.30873521883040667,max,,2.780506806647209,True,0.002883410821211419,0.0009995813803127748,0.11462866595362577,0.6313840573653182,1.4404673752663237,0.004,4.777660255264604e-09,56657f4c763493da6ad8ad94d49f52697aef9e8490e22c83143499eb5c8486c3,-1,4.217865528988139,True,saddle,0.003999999980889359,2033
0.016867175735507788,0.01676602885628328,4.191507216399738,1.6674851743410521,A09,P_low,0.3110429663211107,max,,2.780506806647209,True,0.0028928560552921147,0.0009980531035659764,0.1155655860099753,0.634037434542996,1.4522410687240335,0.004,5.556278093871159e-10,56657f4c763493da6ad8ad94d49f52697aef9e8490e22c83143499eb5c8486c3,1,4.217865528988139,True,saddle,0.003999999997777489,2033
0.02019669855378396,0.02656647825869994,3.3208097825122436,1.6674851743410521,A09,P_low,0.35681734699755907,min,,2.780506806647209,True,0.0013293761706596298,0.0009999983306400117,0.11483612274174246,0.634037434542996,1.4430743560993777,0.008,5.262305348419094e-11,56657f4c763493da6ad8ad94d49f52697aef9e8490e22c83143499eb5c8486c3,-1,2.529477079551806,True,saddle,0.007999999999579016,2033
0.02026584762803846,0.025094323431286095,3.136790452233942,1.6674851743410521,A09,P_low,0.35738210566341877,min,,2.780506806647209,True,0.0013317561394658947,0.0009996551575578638,0.1155655860099753,0.6325763734836691,1.4522410687240335,0.008,7.435364390157018e-09,56657f4c763493da6ad8ad94d49f52697aef9e8490e22c83143499eb5c8486c3,1,2.529477079551806,True,saddle,0.007999999940517085,2033
0.033640587931879455,0.032559385110625894,4.069923184081772,1.6674851743410521,A09,P_low,0.3582412851974368,max,,2.780506806647209,True,0.002883410821211419,0.0009995813803127748,0.1136200300611396,0.6285926731861862,1.4277924733597036,0.008,1.1119014780083813e-08,56657f4c763493da6ad8ad94d49f52697aef9e8490e22c83143499eb5c8486c3,-1,4.217865528988139,True,saddle,0.007999999911047882,2033
0.03381509998441903,0.03240347115743203,4.05043391506321,1.6674851743410521,A09,P_low,0.3602185547351837,max,,2.780506806647209,True,0.0028928560552921147,0.0009983237651756869,0.1155655860099753,0.634037434542996,1.4522410687240335,0.008,5.032598253060239e-09,56657f4c763493da6ad8ad94d49f52697aef9e8490e22c83143499eb5c8486c3,1,4.217865528988139,True,saddle,0.007999999959739214,2033
0.015211716527149352,0.015387157715634628,3.846789458408032,1.1635439561198633,A10,P_low,0.31012715585529804,min,,1.3538345378230623,True,0.002876256366520881,0.0009983088994932852,0.10064707295540834,0.6982103717972119,1.2647693646453844,0.004,7.668570205926484e-09,075b4be8b5086bf9374ff1041ca67451499e1e6e413833cc88c188894c4db730,-1,3.805443594863184,True,saddle,0.003999999969325719,2251
0.01517849316581497,0.014324798551650812,3.5811996497761265,1.1635439561198633,A10,P_low,0.30684882774949074,min,,1.3538345378230623,True,0.002861406551731545,0.0009983659368000514,0.09982351234819463,0.6977031343384695,1.254420189102106,0.004,3.3126953871004394e-09,075b4be8b5086bf9374ff1041ca67451499e1e6e413833cc88c188894c4db730,1,3.805443594863184,True,saddle,0.0039999999867492185,2251
0.017700684708474135,0.01918419185736314,4.796047964363584,1.1635439561198633,A10,P_low,0.3068562028929591,max,,1.3538345378230623,True,0.0021987587793865404,0.0007530178443068545,0.10064707295540834,0.6982103717972119,1.2647693646453844,0.004,4.753792845479943e-12,075b4be8b5086bf9374ff1041ca67451499e1e6e413833cc88c188894c4db730,-1,4.427800895158103,True,saddle,0.003999999999980985,2251
0.017717334451829544,0.017961309345533714,4.490327346770859,1.1635439561198633,A10,P_low,0.3021503835916519,max,,1.3538345378230623,True,0.0029371784419977166,0.0009987932778172158,0.10028006644637102,0.6963105571924144,1.260157421390348,0.004,2.3132901844080678e-09,075b4be8b5086bf9374ff1041ca67451499e1e6e413833cc88c188894c4db730,1,4.427800895158103,True,saddle,0.003999999990746839,2251
0.030634040428683628,0.03036676688091127,3.7958458799815418,1.1635439561198633,A10,P_low,0.3568488024175167,min,,1.3538345378230623,True,0.002876256366520881,0.0009983088994932852,0.10064707295540834,0.6982103717972119,1.2647693646453844,0.008,5.234046269314563e-09,075b4be8b5086bf9374ff1041ca67451499e1e6e413833cc88c188894c4db730,-1,3.805443594863184,True,saddle,0.00799999995812763,2251
0.03031764133444895,0.029648042307640572,3.7060052960729393,1.1635439561198633,A10,P_low,0.35266879573464394,min,,1.3538345378230623,True,0.002862010507697161,0.0009986193820756683,0.09894549268766069,0.6971839534117313,1.2433866604003656,0.008,2.0555469219113442e-09,075b4be8b5086bf9374ff1041ca67451499e1e6e413833cc88c188894c4db730,1,3.805443594863184,True,saddle,0.007999999983555625,2251
0.0352110479423686,0.03379953550609312,4.224941940410339,1.1635439561198633,A10,P_low,0.36098026391118765,max,,1.3538345378230623,True,0.0026518698221815245,0.0009489214905107042,0.10064707295540834,0.6982103717972119,1.2647693646453844,0.008,5.085749529842865e-10,075b4be8b5086bf9374ff1041ca67451499e1e6e413833cc88c188894c4db730,-1,4.427800895158103,True,saddle,0.0079999999959314,2251
0.03544967552777718,0.03589505094099937,4.4868813684379365,1.1635439561198633,A10,P_low,0.3618554500862956,max,,1.3538345378230623,True,0.0029383906904543442,0.000998844128932481,0.09992781533030226,0.6943630084888958,1.2557309000104038,0.008,1.8119815543837792e-10,075b4be8b5086bf9374ff1041ca67451499e1e6e413833cc88c188894c4db730,1,4.427800895158103,True,saddle,0.007999999998550415,2251
0.015249904370048197,0.017543231543999446,4.385807886017729,1.1203254772027105,A11,P_low,0.3064823020249605,min,,1.2551291748694808,True,0.0028243305557494537,0.000999964896457719,0.1005795700803047,0.6376993662813332,1.2639210978657394,0.004,4.0739980833315315e-12,ca2ae85cbfa282ed43cc786391ca16eefd7a2b4471a1a0d9df35d9714b733860,-1,3.8040533113060446,True,saddle,0.003999999999983704,2477
0.015173536034019663,0.01628470465742664,4.071176164509983,1.1203254772027105,A11,P_low,0.3063341099768877,min,,1.2551291748694808,True,0.0028069399958672277,0.0009996690880797819,0.09962035145335495,0.6378505895190772,1.2518671920964106,0.004,3.766041298258749e-11,ca2ae85cbfa282ed43cc786391ca16eefd7a2b4471a1a0d9df35d9714b733860,1,3.8040533113060446,True,saddle,0.003999999999849358,2477
0.017027221562879762,0.015434044902790482,3.8585112280286094,1.1203254772027105,A11,P_low,0.3098566010594368,max,,1.2551291748694808,True,0.0027857395989811847,0.0009997569221503882,0.1005795700803047,0.6378505895190772,1.2639210978657394,0.004,6.041161494663161e-10,ca2ae85cbfa282ed43cc786391ca16eefd7a2b4471a1a0d9df35d9714b733860,-1,4.261777841293495,True,saddle,0.0039999999975835355,2477
0.017042970210579753,0.015437370400414485,3.8593426007355487,1.1203254772027105,A11,P_low,0.310442166402936,max,,1.2551291748694808,True,0.0027600932643716703,0.0009988965541455979,0.10042747426397353,0.6349290469283015,1.2620098040413117,0.004,1.6373968153571283e-10,ca2ae85cbfa282ed43cc786391ca16eefd7a2b4471a1a0d9df35d9714b733860,1,4.261777841293495,True,saddle,0.003999999999345041,2477
0.03058343192162269,0.033962086613201076,4.245260874216771,1.1203254772027105,A11,P_low,0.35895405150949955,min,,1.2551291748694808,True,0.0028243305557494537,0.0009999934609160874,0.1005795700803047,0.6376136260704577,1.2639210978657394,0.008,1.1204643983464546e-08,ca2ae85cbfa282ed43cc786391ca16eefd7a2b4471a1a0d9df35d9714b733860,-1,3.8040533113060446,True,saddle,0.007999999910362848,2477
0.030258225707181945,0.033675498927517714,4.209437365939716,1.1203254772027105,A11,P_low,0.35379369650036097,min,,1.2551291748694808,True,0.0028069399958672277,0.0009996690880797819,0.09859893537356826,0.6378505895190772,1.2390316894997007,0.008,4.3368086899420177e-16,ca2ae85cbfa282ed43cc786391ca16eefd7a2b4471a1a0d9df35d9714b733860,1,3.8040533113060446,True,saddle,0.007999999999999997,2477
0.03422579989730965,0.035477420670510844,4.434677583937365,1.1203254772027105,A11,P_low,0.3614683020859957,max,,1.2551291748694808,True,0.0028672878341699016,0.000999840735152795,0.1005795700803047,0.6378505895190772,1.2639210978657394,0.008,2.785076856637314e-11,ca2ae85cbfa282ed43cc786391ca16eefd7a2b4471a1a0d9df35d9714b733860,-1,4.261777841293495,True,saddle,0.007999999999777194,2477
0.034107954838909514,0.0319919508123763,3.9989938518424806,1.1203254772027105,A11,P_low,0.3544208714738488,max,,1.2551291748694808,True,0.0027600932643716703,0.0009988965541455979,0.10027427142655437,0.6317485117230589,1.2600845989692244,0.008,7.387927075663825e-11,ca2ae85cbfa282ed43cc786391ca16eefd7a2b4471a1a0d9df35d9714b733860,1,4.261777841293495,True,saddle,0.007999999999408966,2477
0.011307388144277869,0.011306410004710067,2.8266025276109734,1.574590542036743,A12,P_low,0.31056064926087856,min,,2.479335375071564,True,0.001513605675921388,0.000998056020372899,0.09038567159419464,0.6957258147607898,1.1358206958078556,0.004,9.351670913343435e-09,c2c3060484c17434105e02fa9fae189e1df51ce378d5e7573424c78568e4e416,-1,2.835408255526203,True,saddle,0.003999999962593316,2696
0.011331484787336523,0.010577986085415934,2.644496538978764,1.574590542036743,A12,P_low,0.316737599670887,min,,2.479335375071564,True,0.0015005917873714384,0.0009980752649717062,0.09017581965027277,0.6952060452719598,1.1331836165367948,0.004,6.664701776570858e-09,c2c3060484c17434105e02fa9fae189e1df51ce378d5e7573424c78568e4e416,1,2.835408255526203,True,saddle,0.003999999973341193,2696
0.017838198467429775,0.019697478159083823,4.924369539801281,1.574590542036743,A12,P_low,0.3100296398624778,max,,2.479335375071564,True,0.0020298011398734946,0.0007527869221295586,0.09038567159419464,0.6957258147607898,1.1358206958078556,0.004,6.158051499283168e-12,c2c3060484c17434105e02fa9fae189e1df51ce378d5e7573424c78568e4e416,-1,4.46460702196446,True,saddle,0.003999999999975368,2696
0.01787357840476776,0.018468343591875064,4.61708590011287,1.574590542036743,A12,P_low,0.30731651186943054,max,,2.479335375071564,True,0.0027094702970790435,0.000998823557964714,0.09028378438731932,0.6948622228819592,1.1345403424491218,0.004,4.6438460715725327e-10,c2c3060484c17434105e02fa9fae189e1df51ce378d5e7573424c78568e4e416,1,4.46460702196446,True,saddle,0.003999999998142462,2696
0.02454854304913586,0.02352555115451534,2.9406939067446287,1.574590542036743,A12,P_low,0.3532019443809986,min,,2.479335375071564,True,0.0028211640003307503,0.0009995594281982396,0.09038567159419464,0.6957258147607898,1.1358206958078556,0.008,4.226965348921863e-09,c2c3060484c17434105e02fa9fae189e1df51ce378d5e7573424c78568e4e416,-1,2.835408255526203,True,saddle,0.007999999966184277,2696
0.022697962546365212,0.021921522077404148,2.7401902749396454,1.574590542036743,A12,P_low,0.3592337490990758,min,,2.479335375071564,True,0.0015005917873714384,0.0009982095521091265,0.08995482175581912,0.6946439480440442,1.1304064730158903,0.008,5.570462494053352e-09,c2c3060484c17434105e02fa9fae189e1df51ce378d5e7573424c78568e4e416,1,2.835408255526203,True,saddle,0.0079999999554363,2696
0.03382610338446014,0.03531988210737856,4.41498526380758,1.574590542036743,A12,P_low,0.3625833122059703,max,,2.479335375071564,True,0.0020299935795516505,0.0009984367310086576,0.09038567159419464,0.6957258147607898,1.1358206958078556,0.008,8.726179501206133e-11,c2c3060484c17434105e02fa9fae189e1df51ce378d5e7573424c78568e4e416,-1,4.46460702196446,True,saddle,0.007999999999301906,2696
0.035789239660972284,0.03693809246136977,4.617261558241155,1.574590542036743,A12,P_low,0.36265409272164106,max,,2.479335375071564,True,0.0027108227107001666,0.0009988568369104962,0.09019937954419753,0.6939283710895872,1.133479679116613,0.008,1.234355499757367e-10,c2c3060484c17434105e02fa9fae189e1df51ce378d5e7573424c78568e4e416,1,4.46460702196446,True,saddle,0.007999999999012516,2696
0.007029382136772014,0.00986220197091085,2.46555049273924,2.189864551271586,A13,P_low,0.3138675270602107,min,,4.795506752915906,True,0.0008576290648203369,0.0009999977794866621,0.10125797062642573,0.5916677619681012,1.2724461369205038,0.004,4.675513448626489e-12,5f3e186b521ff2dfe4985f6381c71392efc830deaa669b2b34a5e0aea3e181b4,-1,1.758614859748937,True,saddle,0.003999999999981298,2922
0.007037294189620275,0.009197865623947539,2.299466406007678,2.189864551271586,A13,P_low,0.3074824707582593,min,,4.795506752915906,True,0.0008559798005662083,0.0009997304683392794,0.10106312349103472,0.592071493824917,1.2699976137752689,0.004,9.042679799398101e-12,5f3e186b521ff2dfe4985f6381c71392efc830deaa669b2b34a5e0aea3e181b4,1,1.758614859748937,True,saddle,0.003999999999963829,2922
0.015367442384537971,0.014380356443593466,3.595089111139678,2.189864551271586,A13,P_low,0.3084396608173847,max,,4.795506752915906,True,0.0008626938729115966,0.0009995174680785203,0.10119326060212433,0.592071493824917,1.2716329661653232,0.004,6.712252281770859e-11,5f3e186b521ff2dfe4985f6381c71392efc830deaa669b2b34a5e0aea3e181b4,-1,3.85112834070365,True,saddle,0.00399999999973151,2922
0.015444285390508156,0.015448370080257942,3.8620925212726656,2.189864551271586,A13,P_low,0.3051120154559612,max,,4.795506752915906,True,0.0006420673764475161,0.0007521624047640506,0.10125797062642573,0.5902696607296164,1.2724461369205038,0.004,3.128304906785395e-10,5f3e186b521ff2dfe4985f6381c71392efc830deaa669b2b34a5e0aea3e181b4,1,3.85112834070365,True,saddle,0.003999999998748678,2922
0.014050932126708836,0.021067668310894253,2.6334585388703244,2.189864551271586,A13,P_low,0.35573710035532713,min,,4.795506752915906,True,0.0008576290648203369,0.0009999977794866621,0.10125797062642573,0.5912190234769176,1.2724461369205038,0.008,3.2439329000766293e-12,5f3e186b521ff2dfe4985f6381c71392efc830deaa669b2b34a5e0aea3e181b4,-1,1.758614859748937,True,saddle,0.007999999999974049,2922
0.014085466876738999,0.01903425818680219,2.3792822733795287,2.189864551271586,A13,P_low,0.358067674562335,min,,4.795506752915906,True,0.0008559798005662083,0.0009997304683392794,0.10085886980804244,0.592071493824917,1.2674308843783884,0.008,1.2295719997723609e-11,5f3e186b521ff2dfe4985f6381c71392efc830deaa669b2b34a5e0aea3e181b4,1,1.758614859748937,True,saddle,0.007999999999901634,2922
0.030680486387059783,0.028124466427543127,3.5155583034434015,2.189864551271586,A13,P_low,0.363839877769351,max,,4.795506752915906,True,0.0011248930980629654,0.0009995370738118841,0.10113504152345767,0.592071493824917,1.270901363099548,0.008,1.452830911130576e-13,5f3e186b521ff2dfe4985f6381c71392efc830deaa669b2b34a5e0aea3e181b4,-1,3.85112834070365,True,saddle,0.007999999999998838,2922
0.030995319295588377,0.030985715767602118,3.873214473159475,2.189864551271586,A13,P_low,0.35818148497492075,max,,4.795506752915906,True,0.0006420673764475161,0.0007521624047640506,0.10125797062642573,0.588448076915224,1.2724461369205038,0.008,5.703816325502986e-10,5f3e186b521ff2dfe4985f6381c71392efc830deaa669b2b34a5e0aea3e181b4,1,3.85112834070365,True,saddle,0.007999999995436947,2922
0.010212239488276528,0.009650633406960422,2.4126583517707227,1.4949441088936781,A14,P_low,0.3052973411977291,min,,2.2348578887159136,True,0.0013504347695038742,0.000996577012596567,0.08830596686742047,0.6913589726197564,1.1096863359234153,0.004,1.2690152748073835e-11,8eae2dc5a15036973f3f31b7c51152bd608eb5aa0835dec08e2103e019bfec63,-1,2.5565996548800576,True,saddle,0.0039999999999492395,3147
0.010236010897229982,0.010401847148659082,2.6004617871863083,1.4949441088936781,A14,P_low,0.30622236989438534,min,,2.2348578887159136,True,0.0013398524184265912,0.0009995514960182289,0.0881370482408321,0.6909922587864797,1.1075636402726277,0.004,8.282220395616768e-12,8eae2dc5a15036973f3f31b7c51152bd608eb5aa0835dec08e2103e019bfec63,1,2.5565996548800576,True,saddle,0.003999999999966871,3147
0.015266026148309141,0.015301020386789037,3.825255097081556,1.4949441088936781,A14,P_low,0.3070220397785306,max,,2.2348578887159136,True,0.0017541329907563982,0.0009999919291822292,0.08830596686742047,0.6913589726197564,1.1096863359234153,0.004,1.0046304066424483e-10,8eae2dc5a15036973f3f31b7c51152bd608eb5aa0835dec08e2103e019bfec63,-1,3.8219735928625527,True,saddle,0.003999999999598148,3147
0.015295876266801714,0.014305666016715282,3.5764165046192713,1.4949441088936781,A14,P_low,0.3061204254627228,max,,2.2348578887159136,True,0.00174534781426176,0.0009993261622923688,0.08816344824616025,0.6906952141889325,1.1078953927715833,0.004,1.2315430793219395e-10,8eae2dc5a15036973f3f31b7c51152bd608eb5aa0835dec08e2103e019bfec63,1,3.8219735928625527,True,saddle,0.003999999999507383,3147
0.02039313698817506,0.021543424847207886,2.692928105942907,1.4949441088936781,A14,P_low,0.3586846189573407,min,,2.2348578887159136,True,0.0013504347695038742,0.000996577012596567,0.08830596686742047,0.6913589726197564,1.1096863359234153,0.008,1.556719163298137e-11,8eae2dc5a15036973f3f31b7c51152bd608eb5aa0835dec08e2103e019bfec63,-1,2.5565996548800576,True,saddle,0.007999999999875463,3147
0.02050422556566327,0.02153550406457485,2.6919380080896,1.4949441088936781,A14,P_low,0.36380550637841225,min,,2.2348578887159136,True,0.0013398524184265912,0.0009995514960182289,0.08796082374578233,0.6905851144443362,1.1053491363025243,0.008,6.591515527842873e-12,8eae2dc5a15036973f3f31b7c51152bd608eb5aa0835dec08e2103e019bfec63,1,2.5565996548800576,True,saddle,0.007999999999947268,3147
0.030491596354739067,0.03265919343576043,4.082399179838949,1.4949441088936781,A14,P_low,0.3556547202169895,max,,2.2348578887159136,True,0.0017541329907563982,0.0009999919291822292,0.08830596686742047,0.6913589726197564,1.1096863359234153,0.008,9.036239638493537e-11,8eae2dc5a15036973f3f31b7c51152bd608eb5aa0835dec08e2103e019bfec63,-1,3.8219735928625527,True,saddle,0.007999999999277101,3147
0.030634438629736856,0.029635726587717785,3.7044658239691093,1.4949441088936781,A14,P_low,0.35617158096283674,max,,2.2348578887159136,True,0.00174534781426176,0.0009993261622923688,0.08801939166352613,0.6899634777350999,1.1060851230127016,0.008,1.3615627722507462e-10,8eae2dc5a15036973f3f31b7c51152bd608eb5aa0835dec08e2103e019bfec63,1,3.8219735928625527,True,saddle,0.00799999999891075,3147
0.010152719403963343,0.011242788302515638,2.810697075748312,2.118406676965294,A00,P_mid,0.31047643441706896,min,,4.487646849011139,True,0.0016463538525141135,0.0009997126947465737,0.07881488441633201,0.9253917893300314,0.9904177872317064,0.004,4.248142636276153e-11,9398da70ee082342e08f2481ba991be42fc7d0c62afd9db236397fdfe15043d2,-1,2.5352043415786074,True,saddle,0.003999999999830074,22
0.010122343601392934,0.011988392479343229,2.997098119995894,2.118406676965294,A00,P_mid,0.31045270524919033,min,,4.487646849011139,True,0.0016507947566461799,0.0009996563299021033,0.07943686653764905,0.9264443137063257,0.9982338509213822,0.004,5.341387054880187e-11,9398da70ee082342e08f2481ba991be42fc7d0c62afd9db236397fdfe15043d2,1,2.5352043415786074,True,saddle,0.003999999999786345,22
0.02153537270498925,0.021416805390111603,5.354201347610355,2.118406676965294,A00,P_mid,0.3108715284615755,max,,4.487646849011139,True,0.001966672563392426,0.0007538181812692871,0.07940568991602552,0.9259444514943156,0.9978420736469449,0.004,1.5400007657984105e-11,9398da70ee082342e08f2481ba991be42fc7d0c62afd9db236397fdfe15043d2,-1,5.370593804671524,True,saddle,0.0039999999999384,22
0.02141097824490686,0.019968972646747706,4.992243189980084,2.118406676965294,A00,P_mid,0.31297863088548183,max,,4.487646849011139,True,0.002632079371544188,0.00099936499538104,0.07943686653764905,0.9264443137063257,0.9982338509213822,0.004,5.667423778540903e-09,9398da70ee082342e08f2481ba991be42fc7d0c62afd9db236397fdfe15043d2,1,5.370593804671524,True,saddle,0.003999999977330305,22
0.020462475750073632,0.02263390619025244,2.8292382738181634,2.118406676965294,A00,P_mid,0.3598263515159488,min,,4.487646849011139,True,0.0016463538525141135,0.000999713124262326,0.07818431224898094,0.9243335336617976,0.9824937777593492,0.008,1.2939302407311004e-11,9398da70ee082342e08f2481ba991be42fc7d0c62afd9db236397fdfe15043d2,-1,2.5352043415786074,True,saddle,0.007999999999896486,22
0.02020417497118959,0.02394004592287613,2.992505740538421,2.118406676965294,A00,P_mid,0.35627788212150335,min,,4.487646849011139,True,0.0016507947566461799,0.0009996563299021033,0.07943686653764905,0.9264443137063257,0.9982338509213822,0.008,5.97844256738922e-11,9398da70ee082342e08f2481ba991be42fc7d0c62afd9db236397fdfe15043d2,1,2.5352043415786074,True,saddle,0.007999999999521725,22
0.04210446622889695,0.03842044466963175,4.802555584517742,2.118406676965294,A00,P_mid,0.35851342137902975,max,,4.487646849011139,True,0.001966672563392426,0.0009988985769422468,0.07934840034800168,0.9258085716100812,0.9971221511651214,0.008,1.6944583756950404e-10,9398da70ee082342e08f2481ba991be42fc7d0c62afd9db236397fdfe15043d2,-1,5.370593804671524,True,saddle,0.007999999998644433,22
0.042621331422893545,0.03979990551108054,4.974988192029649,2.118406676965294,A00,P_mid,0.35921775829046965,max,,4.487646849011139,True,0.002632079371544188,0.000999440132219397,0.07943686653764905,0.9264443137063257,0.9982338509213822,0.008,6.320781571755862e-10,9398da70ee082342e08f2481ba991be42fc7d0c62afd9db236397fdfe15043d2,1,5.370593804671524,True,saddle,0.007999999994943375,22
0.01092783848229424,0.01148771325470004,2.8719283137055687,1.346877611020459,A01,P_mid,0.30410711094737053,min,,1.8140792990681789,True,0.000857715967646709,0.000998870275360736,0.1069534474014286,0.8708503545246333,1.3440176623563644,0.004,1.064036012077274e-11,04a8a01662a5cfbd246d949501bcf89b890829d64a95b6c24aad27f35c85786e,-1,2.7308073781456317,True,saddle,0.003999999999957439,233
0.010920858310717233,0.012299057515639297,3.074764378910513,1.346877611020459,A01,P_mid,0.30728979408741,min,,1.8140792990681789,True,0.0008577368191887634,0.0009993969168005852,0.10644240505222166,0.8737427247056968,1.3375957100001372,0.004,2.2399616883550522e-13,04a8a01662a5cfbd246d949501bcf89b890829d64a95b6c24aad27f35c85786e,1,2.7308073781456317,True,saddle,0.003999999999999104,233
0.01470575650232962,0.015179168198962575,3.794792124275175,1.346877611020459,A01,P_mid,0.30744102876633406,max,,1.8140792990681789,True,0.0008557491552658565,0.000999908623933452,0.10639849892201286,0.8733982357079586,1.337043968883604,0.004,1.9641268646231058e-08,04a8a01662a5cfbd246d949501bcf89b890829d64a95b6c24aad27f35c85786e,-1,3.6780633176338315,True,saddle,0.0039999999214349255,233
0.014714611081932864,0.015149527622807517,3.7873819057349567,1.346877611020459,A01,P_mid,0.3128978367894888,max,,1.8140792990681789,True,0.0008565824504492188,0.0009999943457123781,0.1069534474014286,0.8737427247056968,1.3440176623563644,0.004,8.733682180239732e-12,04a8a01662a5cfbd246d949501bcf89b890829d64a95b6c24aad27f35c85786e,1,3.6780633176338315,True,saddle,0.003999999999965065,233
0.02187723248055286,0.0258124007262713,3.2265500910543636,1.346877611020459,A01,P_mid,0.3599706906825304,min,,1.8140792990681789,True,0.000857715967646709,0.000998870275360736,0.1069534474014286,0.8672536542573861,1.3440176623563644,0.008,8.382053731659234e-11,04a8a01662a5cfbd246d949501bcf89b890829d64a95b6c24aad27f35c85786e,-1,2.7308073781456317,True,saddle,0.007999999999329436,233
0.021837202409703153,0.02532204273140733,3.16525534146322,1.346877611020459,A01,P_mid,0.3585034944117069,min,,1.8140792990681789,True,0.0008577368191887634,0.0009993969168005852,0.10590733543314204,0.8737427247056968,1.3308718218403275,0.008,1.178549445535193e-11,04a8a01662a5cfbd246d949501bcf89b890829d64a95b6c24aad27f35c85786e,1,2.7308073781456317,True,saddle,0.007999999999905716,233
0.02939884773399775,0.030395804026425853,3.7994755033078706,1.346877611020459,A01,P_mid,0.3533188160508871,max,,1.8140792990681789,True,0.0008557665735763012,0.0009999648509836398,0.10583465620709684,0.8730365018233152,1.3299585070677375,0.008,1.221028486653175e-12,04a8a01662a5cfbd246d949501bcf89b890829d64a95b6c24aad27f35c85786e,-1,3.6780633176338315,True,saddle,0.007999999999990232,233
0.029448590299115833,0.03027385351617983,3.784231689578893,1.346877611020459,A01,P_mid,0.3514945497736335,max,,1.8140792990681789,True,0.0008565824504492188,0.0009999943457123781,0.1069534474014286,0.8737427247056968,1.3440176623563644,0.008,1.4907779871675686e-11,04a8a01662a5cfbd246d949501bcf89b890829d64a95b6c24aad27f35c85786e,1,3.6780633176338315,True,saddle,0.007999999999880738,233
0.01155776701322425,0.012072217716173818,3.018054429080031,1.3600828215771428,A02,P_mid,0.3035340439528227,min,,1.8498252815492422,True,0.0021120681154909,0.000750171359545413,0.10111924083878804,0.9424220101011649,1.2707028056917293,0.004,1.2119211884042969e-11,4ee4f9c5a35ebd91fc836d30d455f20628dead618cf4f8d5f3518a25a4df5cb0,-1,2.8874058903784734,True,saddle,0.003999999999951523,466
0.011537953678263355,0.011272037022706086,2.818009298130805,1.3600828215771428,A02,P_mid,0.3022586368024349,min,,1.8498252815492422,True,0.002815180197752534,0.0009996136488414763,0.10176479761050299,0.9423406814980905,1.2788151173966726,0.004,1.5065345455519963e-08,4ee4f9c5a35ebd91fc836d30d455f20628dead618cf4f8d5f3518a25a4df5cb0,1,2.8874058903784734,True,saddle,0.003999999939738618,466
0.015757685040892883,0.014091992262621615,3.522998097437117,1.3600828215771428,A02,P_mid,0.3004291905090213,max,,1.8498252815492422,True,0.002763034684069468,0.0009997890631812988,0.10159613168072422,0.9425218489874407,1.2766955972300194,0.004,9.02121216270202e-09,4ee4f9c5a35ebd91fc836d30d455f20628dead618cf4f8d5f3518a25a4df5cb0,-1,3.9271111504244165,True,saddle,0.003999999963915151,466
0.015656275751278228,0.01303545266511346,3.258863170185278,1.3600828215771428,A02,P_mid,0.2999897710978985,max,,1.8498252815492422,True,0.002776364840260111,0.0009962818519975618,0.10176479761050299,0.938904645695042,1.2788151173966726,0.004,1.198857636428019e-09,4ee4f9c5a35ebd91fc836d30d455f20628dead618cf4f8d5f3518a25a4df5cb0,1,3.9271111504244165,True,saddle,0.0039999999952045695,466
0.023139316546570348,0.024201134208247148,3.0251417761125157,1.3600828215771428,A02,P_mid,0.34648497123271227,min,,1.8498252815492422,True,0.002810285411840849,0.0009999993765761677,0.10046559676881135,0.9420521961391531,1.2624888659236557,0.008,2.6981238424039766e-11,4ee4f9c5a35ebd91fc836d30d455f20628dead618cf4f8d5f3518a25a4df5cb0,-1,2.8874058903784734,True,saddle,0.00799999999978415,466
0.023054602857858607,0.022505926147676967,2.813240787521486,1.3600828215771428,A02,P_mid,0.34845629055052996,min,,1.8498252815492422,True,0.0028155382404786993,0.0009996136488414763,0.10176479761050299,0.9418758224653628,1.2788151173966726,0.008,6.775767447120273e-09,4ee4f9c5a35ebd91fc836d30d455f20628dead618cf4f8d5f3518a25a4df5cb0,1,2.8874058903784734,True,saddle,0.00799999994579386,466
0.03175782238079595,0.029319361147786768,3.664920143485194,1.3600828215771428,A02,P_mid,0.358327210880816,max,,1.8498252815492422,True,0.0028734552999265914,0.0009997890631812988,0.10142343725045788,0.9425218489874407,1.274525453395409,0.008,3.232874037917277e-12,4ee4f9c5a35ebd91fc836d30d455f20628dead618cf4f8d5f3518a25a4df5cb0,-1,3.9271111504244165,True,saddle,0.007999999999974137,466
0.031180346078414467,0.029019068818271904,3.6273836030243345,1.3600828215771428,A02,P_mid,0.34932032506912947,max,,1.8498252815492422,True,0.002776364840260111,0.0009962818519975618,0.10176479761050299,0.934255305291676,1.2788151173966726,0.008,2.0409932424692023e-10,4ee4f9c5a35ebd91fc836d30d455f20628dead618cf4f8d5f3518a25a4df5cb0,1,3.9271111504244165,True,saddle,0.007999999998367206,466
0.011159645153998927,0.010702671235572444,2.6756678089051187,1.4372899944709852,A03,P_mid,0.30955563206225634,min,,2.0658025282064045,True,0.0029057103389260605,0.0009994815581305734,0.10511432213707678,0.9625548198276531,1.3209065154169188,0.004,4.487729632352e-12,9821fe04a30be1432ed7c80d466ae501f27c58451452020ff905fdeb40ea6e32,-1,2.7928922185575553,True,saddle,0.003999999999982049,685
0.011177647257382713,0.011438911199688647,2.8597278000463215,1.4372899944709852,A03,P_mid,0.31067624781280756,min,,2.0658025282064045,True,0.0021796997733645345,0.0007501537202638096,0.10453697626608316,0.9640322856473412,1.3136513678105821,0.004,4.341665915674753e-11,9821fe04a30be1432ed7c80d466ae501f27c58451452020ff905fdeb40ea6e32,1,2.7928922185575553,True,saddle,0.0039999999998263334,685
0.01599719865925445,0.013210819561478748,3.3027048903822864,1.4372899944709852,A03,P_mid,0.310892497189343,max,,2.0658025282064045,True,0.002855920307329501,0.00099666184170796,0.10511432213707678,0.9599954381324688,1.3209065154169188,0.004,3.814873764107496e-12,9821fe04a30be1432ed7c80d466ae501f27c58451452020ff905fdeb40ea6e32,-1,4.014196041368646,True,saddle,0.003999999999984741,685
0.016107875395870313,0.014278529673486862,3.5696324184985566,1.4372899944709852,A03,P_mid,0.31481203995645046,max,,2.0658025282064045,True,0.0028434077425389297,0.0009995895499608797,0.10493281064776772,0.9640322856473412,1.3186255730678953,0.004,3.5533425160605425e-11,9821fe04a30be1432ed7c80d466ae501f27c58451452020ff905fdeb40ea6e32,1,4.014196041368646,True,saddle,0.003999999999857866,685
0.02230346491124886,0.02138785904888382,2.673482412352858,1.4372899944709852,A03,P_mid,0.3531717322766781,min,,2.0658025282064045,True,0.0029069062825118155,0.0009994815581305734,0.10511432213707678,0.960641440831667,1.3209065154169188,0.008,1.1686024327037248e-08,9821fe04a30be1432ed7c80d466ae501f27c58451452020ff905fdeb40ea6e32,-1,2.7928922185575553,True,saddle,0.007999999906511806,685
0.022372155649226635,0.0214698444005536,2.6837305503499134,1.4372899944709852,A03,P_mid,0.3520589591935277,min,,2.0658025282064045,True,0.002900653929560462,0.0009999821101985356,0.1040259467994867,0.9640322856473412,1.3072295773421336,0.008,1.0459818775010454e-10,9821fe04a30be1432ed7c80d466ae501f27c58451452020ff905fdeb40ea6e32,1,2.7928922185575553,True,saddle,0.007999999999163215,685
0.031853090733220804,0.029409250036661512,3.6761562940043526,1.4372899944709852,A03,P_mid,0.3535662619397044,max,,2.0658025282064045,True,0.002855920307329501,0.00099666184170796,0.10511432213707678,0.9548371552683809,1.3209065154169188,0.008,1.0723609283544433e-08,9821fe04a30be1432ed7c80d466ae501f27c58451452020ff905fdeb40ea6e32,-1,4.014196041368646,True,saddle,0.007999999914211126,685
0.032379469236821085,0.029938998984914835,3.742374893334816,1.4372899944709852,A03,P_mid,0.3518968718126416,max,,2.0658025282064045,True,0.002911149018963726,0.0009995895499608797,0.10474329688135643,0.9640322856473412,1.3162440710639398,0.008,5.403109600357614e-09,9821fe04a30be1432ed7c80d466ae501f27c58451452020ff905fdeb40ea6e32,1,4.014196041368646,True,saddle,0.007999999956775123,685
0.010305820003186927,0.011408510191561055,2.852127548171567,1.1626546272079148,A04,P_mid,0.306848238222301,min,,1.3517657821679754,True,0.0013287892909181296,0.0009997642662470717,0.11414063596477667,0.8953505689173613,1.4343346049750503,0.004,9.862922110970285e-11,0c0b81cc77400dc6eaf7fa3516f657835f7b9190b3acbafe2eff57b52afa8b5d,-1,2.5731952535040787,True,saddle,0.003999999999605483,904
0.010268376203854337,0.010613859535551497,2.653464884911681,1.1626546272079148,A04,P_mid,0.3114638952538371,min,,1.3517657821679754,True,0.0013239745420889277,0.0009992600998452307,0.1136462707950432,0.9000205715268692,1.428122224393415,0.004,3.8583762920763043e-10,0c0b81cc77400dc6eaf7fa3516f657835f7b9190b3acbafe2eff57b52afa8b5d,1,2.5731952535040787,True,saddle,0.00399999999845665,904
0.011975628787974386,0.009935298660758953,2.4838246899238356,1.1626546272079148,A04,P_mid,0.30596896912902594,max,,1.3517657821679754,True,0.0029455130794674386,0.0009973264252916736,0.11402715695451703,0.9000205715268692,1.4329085846101037,0.004,9.958068874701964e-09,0c0b81cc77400dc6eaf7fa3516f657835f7b9190b3acbafe2eff57b52afa8b5d,-1,2.991737368195961,True,saddle,0.003999999960167725,904
0.011956340702464166,0.010811731467798014,2.7029328671219286,1.1626546272079148,A04,P_mid,0.31482635997235775,max,,1.3517657821679754,True,0.002939850066504143,0.0009999451944466794,0.11414063596477667,0.8990899149064716,1.4343346049750503,0.004,6.379185374383312e-11,0c0b81cc77400dc6eaf7fa3516f657835f7b9190b3acbafe2eff57b52afa8b5d,1,2.991737368195961,True,saddle,0.003999999999744833,904
0.02066481458464569,0.0228688332432868,2.8586041555325363,1.1626546272079148,A04,P_mid,0.3660534666851163,min,,1.3517657821679754,True,0.0013287892909181296,0.0009998865552248066,0.11414063596477667,0.8906749596999136,1.4343346049750503,0.008,4.2568596217429366e-11,0c0b81cc77400dc6eaf7fa3516f657835f7b9190b3acbafe2eff57b52afa8b5d,-1,2.5731952535040787,True,saddle,0.007999999999659451,904
0.020493563644034173,0.02193936025427443,2.7424200336832354,1.1626546272079148,A04,P_mid,0.36645262595266104,min,,1.3517657821679754,True,0.0013239745420889277,0.0009992600998452307,0.11311788684576055,0.9000205715268692,1.4214823509008285,0.008,6.924291869048194e-10,0c0b81cc77400dc6eaf7fa3516f657835f7b9190b3acbafe2eff57b52afa8b5d,1,2.5731952535040787,True,saddle,0.007999999994460567,904
0.02394781957357489,0.024316828098101168,3.039603512337107,1.1626546272079148,A04,P_mid,0.3665389232337475,max,,1.3517657821679754,True,0.0029455130794674386,0.0009999993779236408,0.11385967737213609,0.9000205715268692,1.4308039725356636,0.008,2.449689756600648e-11,0c0b81cc77400dc6eaf7fa3516f657835f7b9190b3acbafe2eff57b52afa8b5d,-1,2.991737368195961,True,saddle,0.007999999999804025,904
0.02391872570097232,0.022503322213132115,2.8129152871567173,1.1626546272079148,A04,P_mid,0.3636729372665286,max,,1.3517657821679754,True,0.002939850066504143,0.0009999451944466794,0.11414063596477667,0.8979337944307137,1.4343346049750503,0.008,3.738186843404989e-09,0c0b81cc77400dc6eaf7fa3516f657835f7b9190b3acbafe2eff57b52afa8b5d,1,2.991737368195961,True,saddle,0.007999999970094505,904
0.00990433812490875,0.011641807238841232,2.9104518097224408,2.114629388127602,A05,P_mid,0.3147349525243044,min,,4.471657449132916,True,0.0017111137751689668,0.0009999647437336813,0.08558578404549616,0.9380699876907018,1.075503484913642,0.004,4.1687573532067645e-12,166aeb8aa51cfe1594797bd893c063072081d6ea78b37639a4172fa0e3449817,-1,2.4743858493637654,True,saddle,0.003999999999983325,1136
0.009887878256655125,0.01084304011150239,2.7107600278870168,2.114629388127602,A05,P_mid,0.317278241738677,min,,4.471657449132916,True,0.0017057738927997545,0.0009998222267337063,0.08622690071759456,0.9393050406934512,1.083560000639566,0.004,4.212559120975179e-12,166aeb8aa51cfe1594797bd893c063072081d6ea78b37639a4172fa0e3449817,1,2.4743858493637654,True,saddle,0.00399999999998315,1136
0.020963723955344998,0.01871929314534259,4.679823298021571,2.114629388127602,A05,P_mid,0.3180211130529642,max,,4.471657449132916,True,0.0025849127048321653,0.0009994591317169686,0.0861723215366208,0.9390112503349869,1.082874137911361,0.004,2.49708652193259e-09,166aeb8aa51cfe1594797bd893c063072081d6ea78b37639a4172fa0e3449817,-1,5.232409034631695,True,saddle,0.003999999990011654,1136
0.020815071630603733,0.019928946538117085,4.982236668767544,2.114629388127602,A05,P_mid,0.31871941313147545,max,,4.471657449132916,True,0.0025904595207791566,0.0009976105657834831,0.08622690071759456,0.9393050406934512,1.083560000639566,0.004,6.872068669325215e-09,166aeb8aa51cfe1594797bd893c063072081d6ea78b37639a4172fa0e3449817,1,5.232409034631695,True,saddle,0.003999999972511725,1136
0.019833729861695137,0.02333008046893082,2.916260058628445,2.114629388127602,A05,P_mid,0.363692001439631,min,,4.471657449132916,True,0.0017111137751689668,0.0009999647437336813,0.08494083643188946,0.9368426730625453,1.0673988281209672,0.008,4.14663962888806e-12,166aeb8aa51cfe1594797bd893c063072081d6ea78b37639a4172fa0e3449817,-1,2.4743858493637654,True,saddle,0.007999999999966827,1136
0.020937719679248696,0.022313370732154957,2.789171342439434,2.114629388127602,A05,P_mid,0.3620125064626336,min,,4.471657449132916,True,0.0028116437187153736,0.0009998222267337063,0.08622690071759456,0.9393050406934512,1.083560000639566,0.008,3.298702457021907e-10,166aeb8aa51cfe1594797bd893c063072081d6ea78b37639a4172fa0e3449817,1,2.4743858493637654,True,saddle,0.007999999997361038,1136
0.041963974252651484,0.03920236644435615,4.900295809982895,2.114629388127602,A05,P_mid,0.35723462980240583,max,,4.471657449132916,True,0.0025865131999664123,0.0009997739501116905,0.08612758923449855,0.9386834083861187,1.082312014804618,0.008,9.057364233622245e-10,166aeb8aa51cfe1594797bd893c063072081d6ea78b37639a4172fa0e3449817,-1,5.232409034631695,True,saddle,0.007999999992754109,1136
0.041403144196373184,0.039692981788040135,4.961622776511515,2.114629388127602,A05,P_mid,0.3692797590047121,max,,4.471657449132916,True,0.0025904595207791566,0.0009976105657834831,0.08622690071759456,0.9393050406934512,1.083560000639566,0.008,1.0683298646771422e-08,166aeb8aa51cfe1594797bd893c063072081d6ea78b37639a4172fa0e3449817,1,5.232409034631695,True,saddle,0.007999999914533611,1136
0.010464411386773138,0.010089280354405067,2.522320088716259,1.522818837270198,A06,P_mid,0.31841195188462734,min,,2.3189772111449583,True,0.0015454452224020665,0.000999688486029344,0.11973676272897588,0.8230638661858684,1.504657660422148,0.004,4.558983399127747e-11,8cf1d56650ce834f52b27897130169d3e0b643d45d51976df3fb860a1a0cf745,-1,2.610076088129658,True,saddle,0.003999999999817641,1355
0.010408405892091485,0.010755660274251238,2.688915069196319,1.522818837270198,A06,P_mid,0.3152039358392358,min,,2.3189772111449583,True,0.001549305693924128,0.0009994569841237702,0.11929428432560349,0.8282993894382974,1.4990973086635773,0.004,2.3560038468761757e-10,8cf1d56650ce834f52b27897130169d3e0b643d45d51976df3fb860a1a0cf745,1,2.610076088129658,True,saddle,0.0039999999990575985,1355
0.015829508575563388,0.01439085903744531,3.597714759444796,1.522818837270198,A06,P_mid,0.3152926228940487,max,,2.3189772111449583,True,0.001571766617393491,0.0009995435236649758,0.1196675721973587,0.8282993894382974,1.5037881859094444,0.004,2.3200408608148315e-11,8cf1d56650ce834f52b27897130169d3e0b643d45d51976df3fb860a1a0cf745,-1,3.9746730337123535,True,saddle,0.0039999999999071984,1355
0.01596977975669949,0.015635626389355985,3.908906597355643,1.522818837270198,A06,P_mid,0.31790904607623816,max,,2.3189772111449583,True,0.001174633175503184,0.000752534607146189,0.11973676272897588,0.8264570559319226,1.504657660422148,0.004,4.2587461335230614e-12,8cf1d56650ce834f52b27897130169d3e0b643d45d51976df3fb860a1a0cf745,1,3.9746730337123535,True,saddle,0.003999999999982965,1355
0.021004157286784127,0.020932062625388312,2.6165078282149095,1.522818837270198,A06,P_mid,0.36605703365057707,min,,2.3189772111449583,True,0.0015454452224020665,0.00099980817013262,0.11973676272897588,0.817413528887211,1.504657660422148,0.008,1.5811353962225105e-11,8cf1d56650ce834f52b27897130169d3e0b643d45d51976df3fb860a1a0cf745,-1,2.610076088129658,True,saddle,0.00799999999987351,1355
0.02075367702320186,0.02148133692712246,2.685167117141759,1.522818837270198,A06,P_mid,0.36813815776258707,min,,2.3189772111449583,True,0.001549305693924128,0.0009994569841237702,0.11885103910851307,0.8282993894382974,1.4935273208324364,0.008,4.660610005563504e-10,8cf1d56650ce834f52b27897130169d3e0b643d45d51976df3fb860a1a0cf745,1,2.610076088129658,True,saddle,0.007999999996271512,1355
0.031455232390532474,0.028555415289898467,3.569426911404153,1.522818837270198,A06,P_mid,0.36778152361512184,max,,2.3189772111449583,True,0.001571766617393491,0.0009995435236649758,0.11959733198528559,0.8282993894382974,1.5029055207132531,0.008,4.674277458149856e-11,8cf1d56650ce834f52b27897130169d3e0b643d45d51976df3fb860a1a0cf745,-1,3.9746730337123535,True,saddle,0.007999999999626058,1355
0.03216218683070265,0.03155101132174563,3.9438764152237877,1.522818837270198,A06,P_mid,0.36748138070106506,max,,2.3189772111449583,True,0.001174633175503184,0.000752534607146189,0.11973676272897588,0.8243074768143978,1.504657660422148,0.008,1.4159680372660688e-12,8cf1d56650ce834f52b27897130169d3e0b643d45d51976df3fb860a1a0cf745,1,3.9746730337123535,True,saddle,0.007999999999988672,1355
0.01042091251741163,0.009900088207354909,2.4750220846680446,1.6246648982031757,A07,P_mid,0.3238488147035241,min,,2.6395360314535354,True,0.0029167574852922403,0.0009975597448230553,0.10917441108196746,0.972470342792015,1.3719271359322143,0.004,1.3264252326714021e-08,5494b040191723e06d5e260a8aedccf9fb041e29c9a91f268575192acb400341,-1,2.6136647187702726,True,saddle,0.003999999946942991,1581
0.010446501074327489,0.010559456695029263,2.639864187150877,1.6246648982031757,A07,P_mid,0.3068954963237047,min,,2.6395360314535354,True,0.002924334985209563,0.0009987618788589367,0.10873261503673058,0.9783716293284707,1.3663753589452705,0.004,5.073579577297149e-09,5494b040191723e06d5e260a8aedccf9fb041e29c9a91f268575192acb400341,1,2.6136647187702726,True,saddle,0.003999999979705682,1581
0.016917441316163545,0.01703178816814603,4.257947075997333,1.6246648982031757,A07,P_mid,0.3003497403115034,max,,2.6395360314535354,True,0.0021566978017525,0.0007505709995665572,0.10917441108196746,0.9737088215310057,1.3719271359322143,0.004,7.975868229759264e-09,5494b040191723e06d5e260a8aedccf9fb041e29c9a91f268575192acb400341,-1,4.246329324258137,True,saddle,0.003999999968096527,1581
0.017045513731447148,0.016061374444488907,4.015343611183069,1.6246648982031757,A07,P_mid,0.30485169868916273,max,,2.6395360314535354,True,0.002872657575744185,0.0009996624621797484,0.10898094195472818,0.9783716293284707,1.3694959293610571,0.004,1.5152375881788416e-11,5494b040191723e06d5e260a8aedccf9fb041e29c9a91f268575192acb400341,1,4.246329324258137,True,saddle,0.003999999999939391,1581
0.020807970841103002,0.020064306608903404,2.5080383348676007,1.6246648982031757,A07,P_mid,0.3486041063442826,min,,2.6395360314535354,True,0.0029167574852922403,0.0009990956838666271,0.10917441108196746,0.9663374214973554,1.3719271359322143,0.008,3.4906465738726578e-09,5494b040191723e06d5e260a8aedccf9fb041e29c9a91f268575192acb400341,-1,2.6136647187702726,True,saddle,0.007999999972074828,1581
0.020910732992655924,0.02111468169915189,2.6393352200700604,1.6246648982031757,A07,P_mid,0.3501439932733774,min,,2.6395360314535354,True,0.002924334985209563,0.0009990981928397272,0.10828474296183319,0.9783716293284707,1.3607472282607214,0.008,2.908336332180239e-09,5494b040191723e06d5e260a8aedccf9fb041e29c9a91f268575192acb400341,1,2.6136647187702726,True,saddle,0.00799999997673331,1581
0.03367408895227787,0.03399620346798303,4.2495254398638185,1.6246648982031757,A07,P_mid,0.35088196117430925,max,,2.6395360314535354,True,0.002159130065864519,0.0007505709995665572,0.10917441108196746,0.9688543700384998,1.3719271359322143,0.008,1.498035419669752e-09,5494b040191723e06d5e260a8aedccf9fb041e29c9a91f268575192acb400341,-1,4.246329324258137,True,saddle,0.007999999988015717,1581
0.03442958348889722,0.032952247064482715,4.119030883501534,1.6246648982031757,A07,P_mid,0.3554829116910696,max,,2.6395360314535354,True,0.0029647087072699405,0.0009996624621797484,0.10878218299008173,0.9783716293284707,1.3669982486829033,0.008,1.0711115154549145e-10,5494b040191723e06d5e260a8aedccf9fb041e29c9a91f268575192acb400341,1,4.246329324258137,True,saddle,0.007999999999143111,1581
0.010372908645748531,0.009235582817432343,2.308895704712259,1.8296711814879267,A08,P_mid,0.2994885016232729,min,,3.3476966323674255,True,0.0029796011044810142,0.0009997382764043489,0.10438690691534777,1.0144876181316764,1.311765539322888,0.004,1.5339509176759414e-10,aab0ae4f18e535f1efcaa0854feba1ef58a2b03b5ccb8c2a61aa0cb9ca50dee7,-1,2.591699704295567,True,saddle,0.00399999999938642,1807
0.010345404288664383,0.010661305159993417,2.665326292020558,1.8296711814879267,A08,P_mid,0.29905938170850277,min,,3.3476966323674255,True,0.002982214669380529,0.000998681121772801,0.10479564374519303,1.0161392111548824,1.3169018816467188,0.004,7.587077667514652e-10,aab0ae4f18e535f1efcaa0854feba1ef58a2b03b5ccb8c2a61aa0cb9ca50dee7,1,2.591699704295567,True,saddle,0.003999999996965169,1807
0.019044259969068823,0.016599348846275064,4.149837211660911,1.8296711814879267,A08,P_mid,0.30352023895829916,max,,3.3476966323674255,True,0.0029662631589911746,0.0009998695477690187,0.10463403729398923,1.0144180526517335,1.3148710735704405,0.004,2.220446049250313e-11,aab0ae4f18e535f1efcaa0854feba1ef58a2b03b5ccb8c2a61aa0cb9ca50dee7,-1,4.74195826002038,True,saddle,0.003999999999911182,1807
0.018887160682009258,0.017670897698964787,4.417724472105895,1.8296711814879267,A08,P_mid,0.2988745318725705,max,,3.3476966323674255,True,0.0029750235430354363,0.000999944578211581,0.10479564374519303,1.0161392111548824,1.3169018816467188,0.004,1.0721514821787625e-08,aab0ae4f18e535f1efcaa0854feba1ef58a2b03b5ccb8c2a61aa0cb9ca50dee7,1,4.74195826002038,True,saddle,0.003999999957113941,1807
0.020770158187900577,0.022048611085963225,2.756076385897522,1.8296711814879267,A08,P_mid,0.3509876448661089,min,,3.3476966323674255,True,0.00297977556439354,0.0009999629481312268,0.10381466491610679,1.012030858528361,1.304574528908466,0.008,5.5194130516023066e-11,aab0ae4f18e535f1efcaa0854feba1ef58a2b03b5ccb8c2a61aa0cb9ca50dee7,-1,2.591699704295567,True,saddle,0.007999999999558447,1807
0.020666834124466908,0.02130915726768057,2.663644662398939,1.8296711814879267,A08,P_mid,0.35398213658481836,min,,3.3476966323674255,True,0.002982214669380529,0.000998681121772801,0.10479564374519303,1.0161392111548824,1.3169018816467188,0.008,1.4787511493086214e-09,aab0ae4f18e535f1efcaa0854feba1ef58a2b03b5ccb8c2a61aa0cb9ca50dee7,1,2.591699704295567,True,saddle,0.007999999988169991,1807
0.03828885100725228,0.03447685776294226,4.309607220664532,1.8296711814879267,A08,P_mid,0.35046842135488987,max,,3.3476966323674255,True,0.0029662631589911746,0.0009998695477690187,0.10446417170332122,1.0121963316876748,1.3127364780091817,0.008,6.885767997455439e-11,aab0ae4f18e535f1efcaa0854feba1ef58a2b03b5ccb8c2a61aa0cb9ca50dee7,-1,4.74195826002038,True,saddle,0.007999999999449139,1807
0.03757561640091354,0.037583721066018955,4.69796514331926,1.8296711814879267,A08,P_mid,0.35270962305366993,max,,3.3476966323674255,True,0.0029750235430354363,0.0009999771963507835,0.10479564374519303,1.0161392111548824,1.3169018816467188,0.008,2.1428195589451304e-09,aab0ae4f18e535f1efcaa0854feba1ef58a2b03b5ccb8c2a61aa0cb9ca50dee7,1,4.74195826002038,True,saddle,0.007999999982857444,1807
0.008816249824399623,0.010245154393304458,2.5612885983267177,2.9005218113809406,A09,P_mid,0.3032303648069501,min,,8.413026778296572,True,0.0012996556893176301,0.000751053889105113,0.10595789587326239,0.8874907967174389,1.331507183543847,0.004,2.3548871186385156e-13,3d70a685951d701e83059a0effe74eeb180ab16456a5ed364690ccf3ec0ca3e2,-1,2.2109540423840466,True,saddle,0.003999999999999058,2033
0.00887107000685679,0.009652850326042465,2.4132125815108916,2.9005218113809406,A09,P_mid,0.3058557827025652,min,,8.413026778296572,True,0.0017366809092662523,0.000999819228894346,0.1064026494757793,0.8847579256435351,1.3370961263194436,0.004,1.1405806854547507e-13,3d70a685951d701e83059a0effe74eeb180ab16456a5ed364690ccf3ec0ca3e2,1,2.2109540423840466,True,saddle,0.003999999999999544,2033
0.025837728407536942,0.021637781390269496,5.409445374159443,2.9005218113809406,A09,P_mid,0.30651780031621456,max,,8.413026778296572,True,0.002659937015085643,0.0009995612800757566,0.10629460842415998,0.8780843723911292,1.3357384414091955,0.004,4.9158587357017725e-09,3d70a685951d701e83059a0effe74eeb180ab16456a5ed364690ccf3ec0ca3e2,-1,6.412920423895787,True,saddle,0.003999999980336565,2033
0.02540722511084206,0.02279241310542514,5.698103285164243,2.9005218113809406,A09,P_mid,0.30548990331590176,max,,8.413026778296572,True,0.0026644155483662633,0.0009980074425430974,0.1064026494757793,0.8874907967174389,1.3370961263194436,0.004,1.5457702392390749e-09,3d70a685951d701e83059a0effe74eeb180ab16456a5ed364690ccf3ec0ca3e2,1,6.412920423895787,True,saddle,0.003999999993816919,2033
0.01756279069832269,0.02048240339277503,2.560300424097713,2.9005218113809406,A09,P_mid,0.34184848330914974,min,,8.413026778296572,True,0.0012996556893176301,0.000751053889105113,0.10551021053081563,0.8874907967174389,1.325881399410231,0.008,3.2591117304914263e-13,3d70a685951d701e83059a0effe74eeb180ab16456a5ed364690ccf3ec0ca3e2,-1,2.2109540423840466,True,saddle,0.007999999999997393,2033
0.01782318898698415,0.01932350722999473,2.4154384037495165,2.9005218113809406,A09,P_mid,0.3383446065708995,min,,8.413026778296572,True,0.0017366809092662523,0.000999821475722059,0.1064026494757793,0.8818437418657075,1.3370961263194436,0.008,7.26415455565288e-14,3d70a685951d701e83059a0effe74eeb180ab16456a5ed364690ccf3ec0ca3e2,1,2.2109540423840466,True,saddle,0.007999999999999419,2033
0.05226495727967508,0.045161196655983046,5.64514962809268,2.9005218113809406,A09,P_mid,0.34690915141254663,max,,8.413026778296572,True,0.002659937015085643,0.0009995612800757566,0.10618052591825154,0.8672811404382289,1.334304837288598,0.008,8.165381348498868e-09,3d70a685951d701e83059a0effe74eeb180ab16456a5ed364690ccf3ec0ca3e2,-1,6.412920423895787,True,saddle,0.00799999993467695,2033
0.05032962159644777,0.043947377092027264,5.49342213659797,2.9005218113809406,A09,P_mid,0.35284502152353525,max,,8.413026778296572,True,0.0027327271962029917,0.00099859428758221,0.1064026494757793,0.8874907967174389,1.3370961263194436,0.008,1.7213661052117857e-11,3d70a685951d701e83059a0effe74eeb180ab16456a5ed364690ccf3ec0ca3e2,1,6.412920423895787,True,saddle,0.007999999999862291,2033
0.010986051773628965,0.01184943905033631,2.962359773157321,1.8968305558246308,A10,P_mid,0.2990903202444315,min,,3.5979661575099775,True,0.0029123325563647877,0.0009996169405161834,0.09280731318115074,0.9643852863551351,1.166251964213349,0.004,3.569196370747929e-09,5e0dc7721b634f3c44677453e737ec5e17a2c56859dfa40fd2e7aab97410537b,-1,2.75713095590993,True,saddle,0.003999999985723215,2251
0.011032467603961748,0.011912560222296958,2.9781400788399237,1.8968305558246308,A10,P_mid,0.30085623916238546,min,,3.5979661575099775,True,0.0029113267156265442,0.0009986072144410002,0.09221259762188845,0.9620981726356904,1.1587785425037467,0.004,7.812152400671346e-09,5e0dc7721b634f3c44677453e737ec5e17a2c56859dfa40fd2e7aab97410537b,1,2.75713095590993,True,saddle,0.0039999999687513905,2251
0.0208335458955969,0.01967599196057327,4.9189980514036336,1.8968305558246308,A10,P_mid,0.29752703476697206,max,,3.5979661575099775,True,0.0028823813931424854,0.0009992541158635984,0.09280731318115074,0.9643852863551351,1.166251964213349,0.004,1.2453819876398486e-08,5e0dc7721b634f3c44677453e737ec5e17a2c56859dfa40fd2e7aab97410537b,-1,5.229810243579928,True,saddle,0.003999999950184721,2251
0.021007343370327877,0.021194439093408166,5.298609781148038,1.8968305558246308,A10,P_mid,0.29387722071260214,max,,3.5979661575099775,True,0.002164440475569885,0.0007523367822138364,0.09270717797472439,0.9638733295580056,1.164993627158017,0.004,1.4713287012357856e-09,5e0dc7721b634f3c44677453e737ec5e17a2c56859dfa40fd2e7aab97410537b,1,5.229810243579928,True,saddle,0.003999999994114685,2251
0.02191096869946337,0.023615066611137037,2.9518833331655117,1.8968305558246308,A10,P_mid,0.34747537784278393,min,,3.5979661575099775,True,0.002912958497504093,0.0009996169405161834,0.09280731318115074,0.9643852863551351,1.166251964213349,0.008,2.2945968042309417e-09,5e0dc7721b634f3c44677453e737ec5e17a2c56859dfa40fd2e7aab97410537b,-1,2.75713095590993,True,saddle,0.007999999981643226,2251
0.02211302729151809,0.02349085964227201,2.936357464314183,1.8968305558246308,A10,P_mid,0.3453575884923339,min,,3.5979661575099775,True,0.0029113267156265442,0.0009986072144410002,0.09163767074582485,0.9599168136169197,1.1515537929069186,0.008,3.0753006478173583e-09,5e0dc7721b634f3c44677453e737ec5e17a2c56859dfa40fd2e7aab97410537b,1,2.75713095590993,True,saddle,0.007999999975397595,2251
0.04149483563806449,0.037993927569668795,4.74924094974028,1.8968305558246308,A10,P_mid,0.35169109888374805,max,,3.5979661575099775,True,0.0028823813931424854,0.0009992541158635984,0.09280731318115074,0.9643852863551351,1.166251964213349,0.008,7.436304176600128e-10,5e0dc7721b634f3c44677453e737ec5e17a2c56859dfa40fd2e7aab97410537b,-1,5.229810243579928,True,saddle,0.007999999994050957,2251
0.042243770346684785,0.04255542014957796,5.319427519772893,1.8968305558246308,A10,P_mid,0.3506272602826357,max,,3.5979661575099775,True,0.0021665984681474458,0.0007523367822138364,0.09260911103585014,0.9632294956421285,1.1637612807386866,0.008,2.0221129458375398e-10,5e0dc7721b634f3c44677453e737ec5e17a2c56859dfa40fd2e7aab97410537b,1,5.229810243579928,True,saddle,0.00799999999838231,2251
0.009826492043448612,0.01121808093960766,2.8045202358242474,2.681004107515456,A11,P_mid,0.3050064677372575,min,,7.187783024514746,True,0.0028102889165127587,0.0009995877129089464,0.098936727323067,0.9010591408388035,1.2432765114980429,0.004,3.2887343022480753e-10,8929747431f0bfef36e9771d4bc0b021939bde36e79a14afbe3d91572249323c,-1,2.4599870797011927,True,saddle,0.003999999998684506,2477
0.00985336705231018,0.012013423901613701,3.003355975433018,2.681004107515456,A11,P_mid,0.3004870805889368,min,,7.187783024514746,True,0.0021069131688813783,0.000751255476054857,0.09844738354528712,0.9041586784703706,1.2371272316358253,0.004,9.853229343548264e-12,8929747431f0bfef36e9771d4bc0b021939bde36e79a14afbe3d91572249323c,1,2.4599870797011927,True,saddle,0.003999999999960587,2477
0.026138732007685003,0.02382991454329754,5.957478638234955,2.681004107515456,A11,P_mid,0.3135346928611398,max,,7.187783024514746,True,0.0027765945120521696,0.0009978993699658108,0.098936727323067,0.9041586784703706,1.2432765114980429,0.004,4.046292381015837e-10,8929747431f0bfef36e9771d4bc0b021939bde36e79a14afbe3d91572249323c,-1,6.5952354651138485,True,saddle,0.003999999998381483,2477
0.026595789563564603,0.0258743820891158,6.468595531699308,2.681004107515456,A11,P_mid,0.3053701538592577,max,,7.187783024514746,True,0.0020691899644119504,0.0007520955318172677,0.09878866820984457,0.8930729678816758,1.2414159444188266,0.004,1.4563220421259793e-09,8929747431f0bfef36e9771d4bc0b021939bde36e79a14afbe3d91572249323c,1,6.5952354651138485,True,saddle,0.003999999994174712,2477
0.01962484690253139,0.022398582630240825,2.799822836481658,2.681004107515456,A11,P_mid,0.34933380130678415,min,,7.187783024514746,True,0.0028114265698126846,0.0009995877129089464,0.098936727323067,0.8976820800669238,1.2432765114980429,0.008,2.7507293318129733e-09,8929747431f0bfef36e9771d4bc0b021939bde36e79a14afbe3d91572249323c,-1,2.4599870797011927,True,saddle,0.007999999977994166,2477
0.019736181006575013,0.024075922421986636,3.0094903041483083,2.681004107515456,A11,P_mid,0.349635805003345,min,,7.187783024514746,True,0.0021069131688813783,0.000751255476054857,0.09795340261830399,0.9041586784703706,1.230919679594603,0.008,4.6518800096706503e-10,8929747431f0bfef36e9771d4bc0b021939bde36e79a14afbe3d91572249323c,1,2.4599870797011927,True,saddle,0.007999999996278496,2477
0.051752190136339526,0.047297337126406123,5.912167141885159,2.681004107515456,A11,P_mid,0.3532356806099415,max,,7.187783024514746,True,0.002868535653239812,0.0009981845171287806,0.098936727323067,0.9041586784703706,1.2432765114980429,0.008,1.8341730044502125e-10,8929747431f0bfef36e9771d4bc0b021939bde36e79a14afbe3d91572249323c,-1,6.5952354651138485,True,saddle,0.007999999998532662,2477
0.05376860884594776,0.04727546750846124,5.90943344028405,2.681004107515456,A11,P_mid,0.3484650393947959,max,,7.187783024514746,True,0.002755846688992854,0.0009999818876696837,0.09867011474467047,0.8833087425252288,1.239926156525132,0.008,2.921421785040401e-10,8929747431f0bfef36e9771d4bc0b021939bde36e79a14afbe3d91572249323c,1,6.5952354651138485,True,saddle,0.007999999997662863,2477
0.011378631862967106,0.013241193716074824,3.3102984508360955,1.7781572931750158,A12,P_mid,0.30171782709658146,min,,3.161843359271499,True,0.001989276369822817,0.0009984612442580784,0.08336742166035141,0.932957427469621,1.0476267002042068,0.004,6.590762007332995e-09,8e90bca93cfdc87ea47c39e5de7bc65aab4213773943d70b9d72e4f210888832,-1,2.85755911543778,True,saddle,0.003999999973636952,2696
0.01143516780228402,0.013312137830289228,3.3280344926776175,1.7781572931750158,A12,P_mid,0.3072871118783951,min,,3.161843359271499,True,0.001987624239205906,0.0009978314009689497,0.08267427951539208,0.9317799965423809,1.0389164126166328,0.004,1.054836144646909e-08,8e90bca93cfdc87ea47c39e5de7bc65aab4213773943d70b9d72e4f210888832,1,2.85755911543778,True,saddle,0.003999999957806554,2696
0.02024986983995704,0.019017160045336018,4.754290014335885,1.7781572931750158,A12,P_mid,0.3060456709936261,max,,3.161843359271499,True,0.002372806302419906,0.0009986228398578699,0.0833596891467611,0.9319070733623424,1.0475295305000758,0.004,6.314044339456037e-10,8e90bca93cfdc87ea47c39e5de7bc65aab4213773943d70b9d72e4f210888832,-1,5.081189581794435,True,saddle,0.003999999997474382,2696
0.020405979390012628,0.02055871378943319,5.139678467384339,1.7781572931750158,A12,P_mid,0.30673269648104906,max,,3.161843359271499,True,0.0017806473915747286,0.0007531350115437932,0.08336742166035141,0.932957427469621,1.0476267002042068,0.004,3.8963606646680304e-09,8e90bca93cfdc87ea47c39e5de7bc65aab4213773943d70b9d72e4f210888832,1,5.081189581794435,True,saddle,0.003999999984414557,2696
0.02277044879276591,0.02558795034606285,3.1984938027617407,1.7781572931750158,A12,P_mid,0.3554624607786536,min,,3.161843359271499,True,0.002106042022330552,0.0009984612442580784,0.08336742166035141,0.932957427469621,1.0476267002042068,0.008,2.971362522349863e-09,8e90bca93cfdc87ea47c39e5de7bc65aab4213773943d70b9d72e4f210888832,-1,2.85755911543778,True,saddle,0.0079999999762291,2696
0.02229435389843431,0.026404879593060336,3.3006099501038224,1.7781572931750158,A12,P_mid,0.35125204361975193,min,,3.161843359271499,True,0.001987624239205906,0.0009999801520499607,0.08198147534377923,0.9307223367437554,1.0302103721305604,0.008,2.9427306945384313e-10,8e90bca93cfdc87ea47c39e5de7bc65aab4213773943d70b9d72e4f210888832,1,2.85755911543778,True,saddle,0.007999999997645816,2696
0.04073485480128015,0.03759040004737717,4.698800005922393,1.7781572931750158,A12,P_mid,0.3563402509316802,max,,3.161843359271499,True,0.002372806302419906,0.0009986728049833679,0.08333669230918737,0.9309369348852732,1.047240543500326,0.008,5.2475385148298415e-14,8e90bca93cfdc87ea47c39e5de7bc65aab4213773943d70b9d72e4f210888832,-1,5.081189581794435,True,saddle,0.00799999999999958,2696
0.04104290751893509,0.041361289874513846,5.170161274122214,1.7781572931750158,A12,P_mid,0.3570600226521492,max,,3.161843359271499,True,0.001781590164252648,0.0007531350115437932,0.08336742166035141,0.932957427469621,1.0476267002042068,0.008,7.699563209229154e-09,8e90bca93cfdc87ea47c39e5de7bc65aab4213773943d70b9d72e4f210888832,1,5.081189581794435,True,saddle,0.007999999938403494,2696
0.006581210191066198,0.007930110532237716,1.9825276330686696,9.03559400527097,A13,P_mid,0.30639235954731703,min,,81.64195902808868,True,0.0008554297239260622,0.0009997478048715286,0.09863374514249974,0.47810197315892355,1.239469122283806,0.004,4.6609851395151836e-12,4dc9932806f62f71c9a33c788e1bfffecbf9903a2cbea7fcb4a47f2f885ba30d,-1,1.6446642954397512,True,saddle,0.003999999999981356,2922
0.00657960251346966,0.008598967047678846,2.149741761936117,9.03559400527097,A13,P_mid,0.3073779223486781,min,,81.64195902808868,True,0.0008560859600217664,0.0009999411576926717,0.09820517236166561,0.47986293447363365,1.2340835138621875,0.004,7.631482251690969e-12,4dc9932806f62f71c9a33c788e1bfffecbf9903a2cbea7fcb4a47f2f885ba30d,1,1.6446642954397512,True,saddle,0.003999999999969474,2922
0.056663906208445323,0.05203220403678205,13.008051011785199,9.03559400527097,A13,P_mid,0.3019163981080055,max,,81.64195902808868,True,0.00085885007909239,0.000987490195665641,0.09863374514249974,0.47988474860591845,1.239469122283806,0.004,1.990833713161333e-10,4dc9932806f62f71c9a33c788e1bfffecbf9903a2cbea7fcb4a47f2f885ba30d,-1,14.860518848558618,True,saddle,0.003999999999203667,2922
0.06332031754570497,0.06441866502858128,16.104666265305777,9.03559400527097,A13,P_mid,0.3005054695531726,max,,81.64195902808868,True,0.0006419868316056095,0.0007648127034902064,0.09845964866620373,0.4062506638941639,1.2372813598060093,0.004,5.067138115349978e-10,4dc9932806f62f71c9a33c788e1bfffecbf9903a2cbea7fcb4a47f2f885ba30d,1,14.860518848558618,True,saddle,0.003999999997973145,2922
0.013189646027530796,0.016377781053827256,2.04722263173572,9.03559400527097,A13,P_mid,0.3516212524846196,min,,81.64195902808868,True,0.0008554297239260622,0.0009997489641869937,0.09863374514249974,0.4761990241664254,1.239469122283806,0.008,3.572012477470743e-12,4dc9932806f62f71c9a33c788e1bfffecbf9903a2cbea7fcb4a47f2f885ba30d,-1,1.6446642954397512,True,saddle,0.007999999999971424,2922
0.013179936629559975,0.017225602300435256,2.153200287575177,9.03559400527097,A13,P_mid,0.35013572499156,min,,81.64195902808868,True,0.0008560859600217664,0.0009999411576926717,0.09777493509296993,0.47986293447363365,1.2286769888535956,0.008,9.646146728603533e-12,4dc9932806f62f71c9a33c788e1bfffecbf9903a2cbea7fcb4a47f2f885ba30d,1,1.6446642954397512,True,saddle,0.007999999999922831,2922
0.10662543278859385,0.0960891334279364,12.0111416785136,9.03559400527097,A13,P_mid,0.3505239114165306,max,,81.64195902808868,True,0.0012415645286182955,0.0009893715369427773,0.09863374514249974,0.47988474860591845,1.239469122283806,0.008,1.7941377550290127e-12,4dc9932806f62f71c9a33c788e1bfffecbf9903a2cbea7fcb4a47f2f885ba30d,-1,14.860518848558618,True,saddle,0.007999999999985647,2922
0.14145384768743824,0.1444760269628042,18.059503384035928,9.03559400527097,A13,P_mid,0.34638544730842113,max,,81.64195902808868,True,0.0006419868316056095,0.0007719913339980881,0.09828800946753938,0.3107010587438895,1.2351244764126976,0.008,7.577950853626669e-10,4dc9932806f62f71c9a33c788e1bfffecbf9903a2cbea7fcb4a47f2f885ba30d,1,14.860518848558618,True,saddle,0.00799999999393764,2922
0.010019014713018132,0.012090783732214807,3.022695933128236,2.109541609778826,A14,P_mid,0.302175534889102,min,,4.450165803388241,True,0.0013763685835504005,0.0009998609477420409,0.07720815690082757,0.9263426353108226,0.9702270387154215,0.004,2.4658226849272324e-11,6aecbf8bcae7b8a6f38256ba4930a238f9f1ea86e169521f387de14a8a427559,-1,2.510508933046428,True,saddle,0.003999999999901367,3147
0.010060528264791367,0.011346811551497988,2.8367028879084457,2.109541609778826,A14,P_mid,0.3018751684576273,min,,4.450165803388241,True,0.001369206324858822,0.000999722603349214,0.0765917905658853,0.9256635806709052,0.9624815451313298,0.004,1.1967640420329495e-11,6aecbf8bcae7b8a6f38256ba4930a238f9f1ea86e169521f387de14a8a427559,1,2.510508933046428,True,saddle,0.0039999999999521295,3147
0.021079827054194443,0.019977211284623726,4.994302821589003,2.109541609778826,A14,P_mid,0.3023788696154952,max,,4.450165803388241,True,0.0017277662461778153,0.0009979499905223461,0.07720815690082757,0.9257962290526554,0.9702270387154215,0.004,8.671318871278366e-11,6aecbf8bcae7b8a6f38256ba4930a238f9f1ea86e169521f387de14a8a427559,-1,5.296023055982885,True,saddle,0.003999999999653147,3147
0.021279270376232506,0.021599388445839314,5.3998471119091445,2.109541609778826,A14,P_mid,0.2980249337852001,max,,4.450165803388241,True,0.0012917744762019796,0.0007539202299191382,0.07717065140876997,0.9263426353108226,0.9697557304501387,0.004,8.320904729131051e-11,6aecbf8bcae7b8a6f38256ba4930a238f9f1ea86e169521f387de14a8a427559,1,5.296023055982885,True,saddle,0.003999999999667164,3147
0.019981378468228235,0.024152452911200717,3.0190566140040493,2.109541609778826,A14,P_mid,0.35354771465063095,min,,4.450165803388241,True,0.0013763685835504005,0.0009998609477420409,0.07720815690082757,0.9263426353108226,0.9702270387154215,0.008,3.443447783857412e-11,6aecbf8bcae7b8a6f38256ba4930a238f9f1ea86e169521f387de14a8a427559,-1,2.510508933046428,True,saddle,0.007999999999724524,3147
0.020177571187871758,0.02353090460258799,2.9413630753470006,2.109541609778826,A14,P_mid,0.3533346429467201,min,,4.450165803388241,True,0.001369206324858822,0.0009997286271485643,0.0759304434827857,0.9249459037849643,0.9541708063732086,0.008,7.990136330349173e-12,6aecbf8bcae7b8a6f38256ba4930a238f9f1ea86e169521f387de14a8a427559,1,2.510508933046428,True,saddle,0.007999999999936079,3147
0.041897483053745674,0.039731291145880365,4.966411393674756,2.109541609778826,A14,P_mid,0.3591113742440939,max,,4.450165803388241,True,0.0017277662461778153,0.0009980116649717966,0.07720815690082757,0.9251969690359269,0.9702270387154215,0.008,8.853681676690428e-11,6aecbf8bcae7b8a6f38256ba4930a238f9f1ea86e169521f387de14a8a427559,-1,5.296023055982885,True,saddle,0.007999999999291706,3147
0.04284420284514285,0.043475651391070555,5.434456424326608,2.109541609778826,A14,P_mid,0.35335573088377714,max,,4.450165803388241,True,0.0012917744762019796,0.0007539202299191382,0.07713473331828259,0.9263426353108226,0.9693043700762001,0.008,8.147801010272016e-11,6aecbf8bcae7b8a6f38256ba4930a238f9f1ea86e169521f387de14a8a427559,1,5.296023055982885,True,saddle,0.007999999999348176,3147
0.008941262640513892,0.009685704070039741,2.4214260175322746,2.596615473854469,A00,P_high,0.3051783787086606,min,,6.742411919060467,True,0.0014097205708325507,0.0009999423773751847,0.09210267755491745,0.9729187292171384,1.1573972451725636,0.004,9.225693126113654e-12,a69fcca13dd9093ef96080b3450e91dfd60142c79622deee16e216eca14cb7ad,-1,2.2315722343677034,True,saddle,0.003999999999963097,22
0.008907497765452929,0.011118579127792926,2.7796447820489045,2.596615473854469,A00,P_high,0.3043158035725355,min,,6.742411919060467,True,0.0014100377242731105,0.0009994930469769197,0.09263027039139202,0.9735405535899028,1.164027177240981,0.004,3.621799041231277e-11,a69fcca13dd9093ef96080b3450e91dfd60142c79622deee16e216eca14cb7ad,1,2.2315722343677034,True,saddle,0.003999999999855128,22
0.023267632098588332,0.02302332158909534,5.755830397729289,2.596615473854469,A00,P_high,0.29823811911046505,max,,6.742411919060467,True,0.00275550398647233,0.0009999889989784191,0.09251940552988613,0.97110551112718,1.1626340072626506,0.004,7.912919451624756e-11,a69fcca13dd9093ef96080b3450e91dfd60142c79622deee16e216eca14cb7ad,-1,5.79453499478317,True,saddle,0.003999999999683483,22
0.023063445460026106,0.020340699577978565,5.085174896358363,2.596615473854469,A00,P_high,0.30243940837681293,max,,6.742411919060467,True,0.0027665875135791363,0.0009994809485871874,0.09263027039139202,0.9735405535899028,1.164027177240981,0.004,3.6650110030178595e-10,a69fcca13dd9093ef96080b3450e91dfd60142c79622deee16e216eca14cb7ad,1,5.79453499478317,True,saddle,0.003999999998533996,22
0.017927553225821267,0.02240547093763865,2.8006838672159633,2.596615473854469,A00,P_high,0.35107240825891495,min,,6.742411919060467,True,0.0014097205708325507,0.0009999805230214518,0.09140871767340542,0.9720976112560434,1.1486766815967284,0.008,3.974685164331859e-12,a69fcca13dd9093ef96080b3450e91dfd60142c79622deee16e216eca14cb7ad,-1,2.2315722343677034,True,saddle,0.007999999999968203,22
0.017772768267193956,0.022191027529446534,2.773878441361439,2.596615473854469,A00,P_high,0.34716621320694685,min,,6.742411919060467,True,0.0014104099413559347,0.0009994930469769197,0.09263027039139202,0.9735405535899028,1.164027177240981,0.008,6.511544775600342e-11,a69fcca13dd9093ef96080b3450e91dfd60142c79622deee16e216eca14cb7ad,1,2.2315722343677034,True,saddle,0.007999999999479077,22
0.04517367763547233,0.045547740573676915,5.693467592392931,2.596615473854469,A00,P_high,0.34951743576675653,max,,6.742411919060467,True,0.00275550398647233,0.0009999889989784191,0.09236708755928524,0.9692932868602351,1.160719921763251,0.008,3.632815402665468e-09,a69fcca13dd9093ef96080b3450e91dfd60142c79622deee16e216eca14cb7ad,-1,5.79453499478317,True,saddle,0.007999999970937477,22
0.045827083207535334,0.04160737026817738,5.200921283533562,2.596615473854469,A00,P_high,0.3448649412021041,max,,6.742411919060467,True,0.0027665875135791363,0.0009996833405547343,0.09263027039139202,0.9735405535899028,1.164027177240981,0.008,2.189871547986222e-12,a69fcca13dd9093ef96080b3450e91dfd60142c79622deee16e216eca14cb7ad,1,5.79453499478317,True,saddle,0.007999999999982481,22
0.010366530869851506,0.009731869727929315,2.432967431995936,1.2483492494669841,A01,P_high,0.2979147043079138,min,,1.5583758486447825,True,0.0008579885774752105,0.0009985899843460938,0.11577762568320714,0.835797636415232,1.4549056398329405,0.004,5.592965326983723e-12,9fd272a815615f0aa23ed97af1be29b1f035f05fd6fadb9474ef7ed81a4d290d,-1,2.5951218721208176,True,saddle,0.003999999999977628,233
0.010395416031999394,0.010480041294645625,2.6200103236640886,1.2483492494669841,A01,P_high,0.30314700957387686,min,,1.5583758486447825,True,0.0008568824504902187,0.0009996209418918522,0.11539439096834954,0.8389665898525844,1.4500897667768484,0.004,1.0239205316953104e-12,9fd272a815615f0aa23ed97af1be29b1f035f05fd6fadb9474ef7ed81a4d290d,1,2.5951218721208176,True,saddle,0.003999999999995904,233
0.012946819027799535,0.014428425328780567,3.6071064017024845,1.2483492494669841,A01,P_high,0.29973204433918,max,,1.5583758486447825,True,0.0006421489205300263,0.0007507820767850085,0.115200039050017,0.8389665898525844,1.4476474667173527,0.004,1.926955708712874e-08,9fd272a815615f0aa23ed97af1be29b1f035f05fd6fadb9474ef7ed81a4d290d,-1,3.2396184413373774,True,saddle,0.003999999922921772,233
0.012965155901278391,0.013524450327192818,3.3811125818288383,1.2483492494669841,A01,P_high,0.30337551422417164,max,,1.5583758486447825,True,0.0008563180580992734,0.0009996832595919832,0.11577762568320714,0.8374221953636364,1.4549056398329405,0.004,9.060243874592366e-12,9fd272a815615f0aa23ed97af1be29b1f035f05fd6fadb9474ef7ed81a4d290d,1,3.2396184413373774,True,saddle,0.003999999999963759,233
0.02070177781180531,0.02177676150384609,2.722095188155854,1.2483492494669841,A01,P_high,0.34277337696403265,min,,1.5583758486447825,True,0.0008579885774752105,0.0009985899843460938,0.11577762568320714,0.8318861093802729,1.4549056398329405,0.008,6.432289596791652e-11,9fd272a815615f0aa23ed97af1be29b1f035f05fd6fadb9474ef7ed81a4d290d,-1,2.5951218721208176,True,saddle,0.007999999999485417,233
0.02083011989086366,0.021656444916969678,2.707055614696365,1.2483492494669841,A01,P_high,0.3491660049185157,min,,1.5583758486447825,True,0.0008568863218955762,0.0009996209418918522,0.11499120822626213,0.8389665898525844,1.445023219230336,0.008,2.7762731349967318e-11,9fd272a815615f0aa23ed97af1be29b1f035f05fd6fadb9474ef7ed81a4d290d,1,2.5951218721208176,True,saddle,0.007999999999777898,233
0.025865322066795256,0.02886458716582517,3.608073439410614,1.2483492494669841,A01,P_high,0.35450096521526575,max,,1.5583758486447825,True,0.0006421751677415876,0.0007507820767850085,0.11461427174804206,0.8389665898525844,1.440286492209161,0.008,1.2106867808628352e-08,9fd272a815615f0aa23ed97af1be29b1f035f05fd6fadb9474ef7ed81a4d290d,-1,3.2396184413373774,True,saddle,0.007999999903145058,233
0.025963513909538844,0.027051731559628124,3.381466445007168,1.2483492494669841,A01,P_high,0.353538578376174,max,,1.5583758486447825,True,0.0008563180580992734,0.0009996832595919832,0.11577762568320714,0.8358512156216842,1.4549056398329405,0.008,1.5866648273021866e-11,9fd272a815615f0aa23ed97af1be29b1f035f05fd6fadb9474ef7ed81a4d290d,1,3.2396184413373774,True,saddle,0.007999999999873067,233
0.009858000993610162,0.008253569006257004,2.063392251698791,1.666123175757398,A02,P_high,0.3042920185253024,min,,2.7759664367959176,True,0.002809132550074881,0.0009993387233985078,0.11193882926287292,0.9194421450689417,1.4066658652723811,0.004,6.520326813197475e-11,8e449e2b559e6fec0d43a77932a130a3be7344899ad8a444ac57d900aa17c232,-1,2.4579015132616413,True,saddle,0.003999999999739187,466
0.009800964298930665,0.008847224567291357,2.2118061635213144,1.666123175757398,A02,P_high,0.2979665230959654,min,,2.7759664367959176,True,0.002804518909523341,0.0009994220502836369,0.11239653143251309,0.9165519472967536,1.4124175246629038,0.004,9.810296889081749e-09,8e449e2b559e6fec0d43a77932a130a3be7344899ad8a444ac57d900aa17c232,1,2.4579015132616413,True,saddle,0.0039999999607588125,466
0.016431254002826093,0.01452591950099057,3.631479891672785,1.666123175757398,A02,P_high,0.29731744434684515,max,,2.7759664367959176,True,0.002773502720192287,0.0009996625860791927,0.11214159229769319,0.9194421450689417,1.4092138626178858,0.004,4.5229887543629665e-09,8e449e2b559e6fec0d43a77932a130a3be7344899ad8a444ac57d900aa17c232,-1,4.0951666749744,True,saddle,0.003999999981908045,466
0.016328942217737313,0.013464854466546636,3.366213616746241,1.666123175757398,A02,P_high,0.29693583864718676,max,,2.7759664367959176,True,0.0027853547401607676,0.000997021637995549,0.11239653143251309,0.9134653043874853,1.4124175246629038,0.004,3.255338706931177e-11,8e449e2b559e6fec0d43a77932a130a3be7344899ad8a444ac57d900aa17c232,1,4.0951666749744,True,saddle,0.0039999999998697865,466
0.01977910218919344,0.019738508702998557,2.4673135885360447,1.666123175757398,A02,P_high,0.3501562122255564,min,,2.7759664367959176,True,0.002809132550074881,0.0009999766007343345,0.11129646616516536,0.9194421450689417,1.3985936864886108,0.008,2.67993960356705e-10,8e449e2b559e6fec0d43a77932a130a3be7344899ad8a444ac57d900aa17c232,-1,2.4579015132616413,True,saddle,0.007999999997856048,466
0.019538673152923902,0.018287726732051694,2.2859658421921893,1.666123175757398,A02,P_high,0.348852189257741,min,,2.7759664367959176,True,0.0028053075214232955,0.0009994220502836369,0.11239653143251309,0.9133568767714769,1.4124175246629038,0.008,2.999727202745994e-10,8e449e2b559e6fec0d43a77932a130a3be7344899ad8a444ac57d900aa17c232,1,2.4579015132616413,True,saddle,0.007999999997600218,466
0.03302927157722975,0.029562968674335565,3.6953710885826374,1.666123175757398,A02,P_high,0.34814830124378204,max,,2.7759664367959176,True,0.002773502720192287,0.0009996625860791927,0.11189189098060696,0.9194421450689417,1.4060760209808798,0.008,1.1610989947286043e-09,8e449e2b559e6fec0d43a77932a130a3be7344899ad8a444ac57d900aa17c232,-1,4.0951666749744,True,saddle,0.007999999990711208,466
0.03253803031842637,0.03000793174601442,3.7509914754584224,1.666123175757398,A02,P_high,0.3512644898146391,max,,2.7759664367959176,True,0.0027853547401607676,0.000997021637995549,0.11239653143251309,0.906048544912025,1.4124175246629038,0.008,1.921257423986855e-09,8e449e2b559e6fec0d43a77932a130a3be7344899ad8a444ac57d900aa17c232,1,4.0951666749744,True,saddle,0.00799999998462994,466
0.009237317832353157,0.008774185660358522,2.1935464151042643,1.795468960950272,A03,P_high,0.3049959847703576,min,,3.2237087897358494,True,0.0029103040815617012,0.000999901928681033,0.11611605193790489,0.9063898953486276,1.4591584327514493,0.004,6.671312807737806e-12,3ad240ed4e8840b2668cb38eb10dbfc422604de3404814aeca26e33d3abc4279,-1,2.317106725900433,True,saddle,0.003999999999973315,685
0.009292220444281163,0.008216269381968854,2.054067346060799,1.795468960950272,A03,P_high,0.30554310139268637,min,,3.2237087897358494,True,0.002913690541993466,0.000999879560232693,0.11567742195931685,0.909944088776465,1.4536464417611201,0.004,2.768096082211846e-10,3ad240ed4e8840b2668cb38eb10dbfc422604de3404814aeca26e33d3abc4279,1,2.317106725900433,True,saddle,0.003999999998892762,685
0.01658533945157165,0.013600551423117387,3.400137857150292,1.795468960950272,A03,P_high,0.3044686848297715,max,,3.2237087897358494,True,0.002849339433973649,0.0009973971722196389,0.11611605193790489,0.9044997377628432,1.4591584327514493,0.004,4.0320286172346176e-10,3ad240ed4e8840b2668cb38eb10dbfc422604de3404814aeca26e33d3abc4279,-1,4.160293205563337,True,saddle,0.003999999998387189,685
0.01669308753928814,0.014666898334955051,3.6667245837913383,1.795468960950272,A03,P_high,0.30508363153785467,max,,3.2237087897358494,True,0.002838306065543807,0.000999572190723949,0.11585464788301796,0.909944088776465,1.4558735300641992,0.004,1.4338573731120796e-11,3ad240ed4e8840b2668cb38eb10dbfc422604de3404814aeca26e33d3abc4279,1,4.160293205563337,True,saddle,0.003999999999942646,685
0.01841551968134751,0.017526398620871186,2.1907998389626586,1.795468960950272,A03,P_high,0.3534170491620898,min,,3.2237087897358494,True,0.0029118615046042793,0.000999901928681033,0.11611605193790489,0.9027558961448312,1.4591584327514493,0.008,5.182472723533338e-09,3ad240ed4e8840b2668cb38eb10dbfc422604de3404814aeca26e33d3abc4279,-1,2.317106725900433,True,saddle,0.007999999958540218,685
0.01864241046275894,0.01883077658789608,2.3538470757547545,1.795468960950272,A03,P_high,0.36130249965935946,min,,3.2237087897358494,True,0.002913690541993466,0.000999879560232693,0.11510471227483472,0.909944088776465,1.4464495542362377,0.008,9.634205325875778e-10,3ad240ed4e8840b2668cb38eb10dbfc422604de3404814aeca26e33d3abc4279,1,2.317106725900433,True,saddle,0.007999999992292636,685
0.033046323302499875,0.03031395635887113,3.7892445464891473,1.795468960950272,A03,P_high,0.34815939515829086,max,,3.2237087897358494,True,0.002849339433973649,0.0009973971722196389,0.11611605193790489,0.897696497776497,1.4591584327514493,0.008,4.302324555643944e-10,3ad240ed4e8840b2668cb38eb10dbfc422604de3404814aeca26e33d3abc4279,-1,4.160293205563337,True,saddle,0.00799999999655814,685
0.03350533681815458,0.029711410844760942,3.713926379157319,1.795468960950272,A03,P_high,0.35592490527778864,max,,3.2237087897358494,True,0.002838306065543807,0.000999572190723949,0.11559697677396816,0.909944088776465,1.452635536992858,0.008,6.344283388567962e-09,3ad240ed4e8840b2668cb38eb10dbfc422604de3404814aeca26e33d3abc4279,1,4.160293205563337,True,saddle,0.007999999949245733,685
0.008529168333421405,0.007594236751922842,1.8985591879914665,1.3053979191978173,A04,P_high,0.31050276942551136,min,,1.7040637274459913,True,0.0027365856196968777,0.0009995458527265067,0.1250605729843031,0.8196482966149238,1.5715586831384867,0.004,5.665390032105755e-12,c85ce6ecbaee7ba8a9286e8e5a656bc203529fdb9568d0d4210fb765c57ba421,-1,2.1397637686361812,True,saddle,0.0039999999999773385,904
0.00858771176610684,0.007028759434787195,1.7571898586970476,1.3053979191978173,A04,P_high,0.30133834946900606,min,,1.7040637274459913,True,0.0027400673897112365,0.0009993069528868115,0.12472266366063492,0.8225314844731211,1.5673123861717295,0.004,1.4159680372660688e-13,c85ce6ecbaee7ba8a9286e8e5a656bc203529fdb9568d0d4210fb765c57ba421,1,2.1397637686361812,True,saddle,0.003999999999999434,904
0.011155183156887696,0.011408999073880578,2.852249768722279,1.3053979191978173,A04,P_high,0.30330384708940983,max,,1.7040637274459913,True,0.0017120410444307855,0.0009998795657209165,0.1250605729843031,0.8188031500618751,1.5715586831384867,0.004,8.839847256969513e-11,c85ce6ecbaee7ba8a9286e8e5a656bc203529fdb9568d0d4210fb765c57ba421,-1,2.7932431711525507,True,saddle,0.003999999999646406,904
0.011179867083615768,0.010632334852927769,2.658083714028685,1.3053979191978173,A04,P_high,0.30559682846069336,max,,1.7040637274459913,True,0.0017048989309654532,0.0009992265348044978,0.12474105023958508,0.8225314844731211,1.5675434389097171,0.004,2.997433030949015e-10,c85ce6ecbaee7ba8a9286e8e5a656bc203529fdb9568d0d4210fb765c57ba421,1,2.7932431711525507,True,saddle,0.003999999998801027,904
0.017001168634583376,0.015753815257038957,1.9692269072347137,1.3053979191978173,A04,P_high,0.3551299925893545,min,,1.7040637274459913,True,0.0027365856196968777,0.0009995458527265067,0.1250605729843031,0.8164946470540614,1.5715586831384867,0.008,5.3241265562942175e-11,c85ce6ecbaee7ba8a9286e8e5a656bc203529fdb9568d0d4210fb765c57ba421,-1,2.1397637686361812,True,saddle,0.00799999999957407,904
0.017230885653191717,0.015662421350448822,1.9578026706292861,1.3053979191978173,A04,P_high,0.3538821265101433,min,,1.7040637274459913,True,0.0027400673897112365,0.0009993069528868115,0.12430180509040789,0.8225314844731211,1.562023717452,0.008,9.31239677384732e-10,c85ce6ecbaee7ba8a9286e8e5a656bc203529fdb9568d0d4210fb765c57ba421,1,2.1397637686361812,True,saddle,0.007999999992550083,904
0.02228350548090806,0.022126221809841758,2.765777734616712,1.3053979191978173,A04,P_high,0.35423605516552925,max,,1.7040637274459913,True,0.0017120410444307855,0.0009999521063245916,0.1250605729843031,0.815273162018023,1.5715586831384867,0.008,3.032236571207103e-09,c85ce6ecbaee7ba8a9286e8e5a656bc203529fdb9568d0d4210fb765c57ba421,-1,2.7932431711525507,True,saddle,0.007999999975742108,904
0.022394358086850304,0.021992701734200922,2.749087718177988,1.3053979191978173,A04,P_high,0.34927547816187143,max,,1.7040637274459913,True,0.0017048989309654532,0.0009992265348044978,0.12440225030122468,0.8225314844731211,1.5632859501403038,0.008,5.103049059707043e-10,c85ce6ecbaee7ba8a9286e8e5a656bc203529fdb9568d0d4210fb765c57ba421,1,2.7932431711525507,True,saddle,0.007999999995917561,904
0.008745514062139685,0.010725208374032782,2.681302093624787,2.5317857846879197,A05,P_high,0.305901849642396,min,,6.409939259547825,True,0.001458732424723483,0.0009999580754081925,0.09828049337819415,0.9882780625477388,1.2350300263778715,0.004,4.348322917013814e-11,cfa6efa65601663bafba367a92354982df8610ce34029948129924fabdcd8d76,-1,2.184544374422828,True,saddle,0.003999999999826067,1136
0.008724030791538901,0.009986531497856886,2.496632874743608,2.5317857846879197,A05,P_high,0.3039274709299207,min,,6.409939259547825,True,0.0014491587172607298,0.0009994090168875865,0.09886442156209717,0.9891124028036964,1.2423678898295067,0.004,1.1190549355222235e-10,cfa6efa65601663bafba367a92354982df8610ce34029948129924fabdcd8d76,1,2.184544374422828,True,saddle,0.003999999999552378,1136
0.022195496927884237,0.019957762173484564,4.9894405486750815,2.5317857846879197,A05,P_high,0.3055445998907089,max,,6.409939259547825,True,0.002737379756639719,0.0009995037261776097,0.09875089092499376,0.9868628745582751,1.2409412207020232,0.004,1.063033125067725e-09,cfa6efa65601663bafba367a92354982df8610ce34029948129924fabdcd8d76,-1,5.53079839318368,True,saddle,0.003999999995747868,1136
0.021977068399443814,0.019973373884955615,4.99334347302032,2.5317857846879197,A05,P_high,0.31025952845811844,max,,6.409939259547825,True,0.0027409278404301944,0.0009981183652583723,0.09886442156209717,0.9891124028036964,1.2423678898295067,0.004,3.567582427393967e-10,cfa6efa65601663bafba367a92354982df8610ce34029948129924fabdcd8d76,1,5.53079839318368,True,saddle,0.003999999998572967,1136
0.017519418836753987,0.02078381471167427,2.597976839024687,2.5317857846879197,A05,P_high,0.35186413396149874,min,,6.409939259547825,True,0.001458732424723483,0.0009999992894911284,0.0977311965885312,0.987489340374512,1.2281273541861868,0.008,2.517474076424442e-11,cfa6efa65601663bafba367a92354982df8610ce34029948129924fabdcd8d76,-1,2.184544374422828,True,saddle,0.007999999999798602,1136
0.019017077780756914,0.021685018973722908,2.710627372386601,2.5317857846879197,A05,P_high,0.35967211052775383,min,,6.409939259547825,True,0.0028215913053726296,0.0009994090168875865,0.09886442156209717,0.9891124028036964,1.2423678898295067,0.008,2.476317761956892e-10,cfa6efa65601663bafba367a92354982df8610ce34029948129924fabdcd8d76,1,2.184544374422828,True,saddle,0.007999999998018946,1136
0.04463918519948226,0.04146980758836542,5.183725950475723,2.5317857846879197,A05,P_high,0.3536119991913438,max,,6.409939259547825,True,0.0027393456539367305,0.0009998896674258359,0.0986310245283975,0.984380419820196,1.2394349340131638,0.008,3.7232781961715755e-10,cfa6efa65601663bafba367a92354982df8610ce34029948129924fabdcd8d76,-1,5.53079839318368,True,saddle,0.007999999997021378,1136
0.043638829026017706,0.041020297558284735,5.127537196850728,2.5317857846879197,A05,P_high,0.357918637804687,max,,6.409939259547825,True,0.0027409278404301944,0.0009981183652583723,0.09886442156209717,0.9891124028036964,1.2423678898295067,0.008,4.0275400202405276e-10,cfa6efa65601663bafba367a92354982df8610ce34029948129924fabdcd8d76,1,5.53079839318368,True,saddle,0.007999999996777968,1136
0.009011792657684278,0.007670449400606199,1.9176123517929733,1.4276735016440172,A06,P_high,0.30747740902006626,min,,2.0382516272964897,True,0.0012537014736160607,0.0009976572710355043,0.1311942167706009,0.7732735285696543,1.6486363817417438,0.004,8.559726278473123e-10,6668315a4421befdf0991388c8babef9040b74992808e1c3811e99bc9e9f067d,-1,2.2574569138537566,True,saddle,0.00399999999657611,1355
0.009046860872662987,0.008342479214396242,2.0856198138883384,1.4276735016440172,A06,P_high,0.3053499795496464,min,,2.0382516272964897,True,0.0012480328126618148,0.0009998025055654044,0.1315349067227104,0.7699057910141823,1.6529176211421337,0.004,4.93343885708819e-09,6668315a4421befdf0991388c8babef9040b74992808e1c3811e99bc9e9f067d,1,2.2574569138537566,True,saddle,0.003999999980266245,1355
0.012931611199134354,0.01186320472950735,2.9658011838266796,1.4276735016440172,A06,P_high,0.30913285724818707,max,,2.0382516272964897,True,0.0018122533162057343,0.0009999764131894508,0.13134188845597244,0.7732735285696543,1.650492080255363,0.004,4.888533154667751e-10,6668315a4421befdf0991388c8babef9040b74992808e1c3811e99bc9e9f067d,-1,3.2229114170120896,True,saddle,0.003999999998044587,1355
0.012835680564168245,0.011810165881012507,2.95254147068443,1.4276735016440172,A06,P_high,0.31034058704972267,max,,2.0382516272964897,True,0.001813691162333411,0.0009997969831282787,0.1315349067227104,0.7703010061359447,1.6529176211421337,0.004,1.4607867866722746e-10,6668315a4421befdf0991388c8babef9040b74992808e1c3811e99bc9e9f067d,1,3.2229114170120896,True,saddle,0.003999999999415685,1355
0.01796662502437518,0.017053977432351496,2.131747179497941,1.4276735016440172,A06,P_high,0.3555130148306489,min,,2.0382516272964897,True,0.0012537014736160607,0.0009976572710355043,0.13077127914757086,0.7732735285696543,1.6433215868544515,0.008,2.129726516669761e-10,6668315a4421befdf0991388c8babef9040b74992808e1c3811e99bc9e9f067d,-1,2.2574569138537566,True,saddle,0.007999999998296219,1355
0.01815259160073102,0.017345525957348302,2.1681907653934878,1.4276735016440172,A06,P_high,0.3481664517894387,min,,2.0382516272964897,True,0.0012480328126618148,0.0009998025055654044,0.1315349067227104,0.7662268856341112,1.6529176211421337,0.008,9.558637735496145e-09,6668315a4421befdf0991388c8babef9040b74992808e1c3811e99bc9e9f067d,1,2.2574569138537566,True,saddle,0.007999999923530898,1355
0.025985257158076865,0.02376753534206808,2.970941920218655,1.4276735016440172,A06,P_high,0.3509309906512499,max,,2.0382516272964897,True,0.0018122533162057343,0.0009999764131894508,0.1311504366032282,0.7732735285696543,1.6480862235220748,0.008,8.280689502149219e-10,6668315a4421befdf0991388c8babef9040b74992808e1c3811e99bc9e9f067d,-1,3.2229114170120896,True,saddle,0.007999999993375449,1355
0.02555551021926579,0.023581356090041132,2.9476695114634412,1.4276735016440172,A06,P_high,0.35219235997647047,max,,2.0382516272964897,True,0.001813691162333411,0.0009999247710023183,0.1315349067227104,0.7672394593368493,1.6529176211421337,0.008,7.066591235782571e-11,6668315a4421befdf0991388c8babef9040b74992808e1c3811e99bc9e9f067d,1,3.2229114170120896,True,saddle,0.007999999999434673,1355
0.008307841770401215,0.008343017575729717,2.085754411627117,2.0635781942662565,A07,P_high,0.3086536368355155,min,,4.2583549638511835,True,0.002944604027029376,0.0009994170528099965,0.12087028962022792,0.8796538431088265,1.5189019900778398,0.004,8.483591216676412e-09,610f7b7407ab1287dacbe5e874096282c89af853e7253fc0220cd6857d69cf28,-1,2.087637377949824,True,saddle,0.003999999966065635,1581
0.008368087432351241,0.00832667480236783,2.081668703001839,2.0635781942662565,A07,P_high,0.30691450741142035,min,,4.2583549638511835,True,0.0029502570644594915,0.0009995454651946516,0.12049225621534074,0.8841110740968872,1.5141514786593335,0.004,1.1576681453739912e-09,610f7b7407ab1287dacbe5e874096282c89af853e7253fc0220cd6857d69cf28,1,2.087637377949824,True,saddle,0.0039999999953693275,1581
0.01716261300902685,0.014899621043343192,3.7249052610668523,2.0635781942662565,A07,P_high,0.3114145742729306,max,,4.2583549638511835,True,0.002844999295590086,0.000999990753586217,0.12087028962022792,0.8804296495782686,1.5189019900778398,0.004,6.202959153267518e-11,610f7b7407ab1287dacbe5e874096282c89af853e7253fc0220cd6857d69cf28,-1,4.308002970672439,True,saddle,0.003999999999751882,1581
0.01727741991931959,0.015989523866587363,3.9973809710130737,2.0635781942662565,A07,P_high,0.31462952587753534,max,,4.2583549638511835,True,0.0028431440654363978,0.000998814456724993,0.12059156407308307,0.8841110740968872,1.5153994189367097,0.004,1.0922734071383555e-09,610f7b7407ab1287dacbe5e874096282c89af853e7253fc0220cd6857d69cf28,1,4.308002970672439,True,saddle,0.0039999999956309065,1581
0.01640169024205544,0.016033283842910133,2.004160481395278,2.0635781942662565,A07,P_high,0.3568685669451952,min,,4.2583549638511835,True,0.002944604027029376,0.0009996276528812082,0.12087028962022792,0.8758953481458442,1.5189019900778398,0.008,5.146850827475458e-10,610f7b7407ab1287dacbe5e874096282c89af853e7253fc0220cd6857d69cf28,-1,2.087637377949824,True,saddle,0.00799999999588252,1581
0.016798127897859727,0.016660351068993134,2.0825438842395383,2.0635781942662565,A07,P_high,0.3579893922433257,min,,4.2583549638511835,True,0.0029527832691132504,0.000999982545263738,0.12010877118383173,0.8841110740968872,1.5093324600290794,0.008,2.955023378770072e-10,610f7b7407ab1287dacbe5e874096282c89af853e7253fc0220cd6857d69cf28,1,2.087637377949824,True,saddle,0.007999999997635981,1581
0.03419303165278387,0.03191668917789762,3.989586147260907,2.0635781942662565,A07,P_high,0.352674750611186,max,,4.2583549638511835,True,0.002844999295590086,0.000999990753586217,0.12087028962022792,0.8759968185960281,1.5189019900778398,0.008,5.941644745655061e-12,610f7b7407ab1287dacbe5e874096282c89af853e7253fc0220cd6857d69cf28,-1,4.308002970672439,True,saddle,0.007999999999952467,1581
0.03504966545575973,0.031794023410836425,3.9742529265571425,2.0635781942662565,A07,P_high,0.35572727490216494,max,,4.2583549638511835,True,0.00297041387795546,0.000998814456724993,0.12033865056577184,0.8841110740968872,1.512221211696704,0.008,5.097549986288197e-11,610f7b7407ab1287dacbe5e874096282c89af853e7253fc0220cd6857d69cf28,1,4.308002970672439,True,saddle,0.007999999999592196,1581
0.008651794449687621,0.009454158996699796,2.3635397492014545,2.2270333704083938,A08,P_high,0.30721952207386494,min,,4.9596776329125705,True,0.0022392213579574796,0.0007513145636856282,0.1164067620986739,0.9213568281299407,1.4628116071015338,0.004,1.1214336750886567e-11,94c153d03f9611a06cc09c1b0f83b6f4b5ad723d1e45f56b458781d8c44d36a8,-1,2.1566504546247622,True,saddle,0.003999999999955143,1807
0.008593513504552572,0.008838291874936047,2.20957296972716,2.2270333704083938,A08,P_high,0.3069672491401434,min,,4.9596776329125705,True,0.0029844901127936054,0.0009987644842534692,0.11684123259908638,0.9164483401328251,1.4682713285085072,0.004,4.494753094025361e-10,94c153d03f9611a06cc09c1b0f83b6f4b5ad723d1e45f56b458781d8c44d36a8,1,2.1566504546247622,True,saddle,0.003999999998202099,1807
0.019287483377609584,0.016676209304491648,4.169052327748711,2.2270333704083938,A08,P_high,0.30428623780608177,max,,4.9596776329125705,True,0.002961507132893882,0.0009993012567042193,0.11659496035838007,0.9213568281299407,1.4651765779483403,0.004,3.899684394848002e-10,94c153d03f9611a06cc09c1b0f83b6f4b5ad723d1e45f56b458781d8c44d36a8,-1,4.802932530755779,True,saddle,0.003999999998440126,1807
0.01911919173437553,0.015439212510939555,3.8598031277695823,2.2270333704083938,A08,P_high,0.3026332911103964,max,,4.9596776329125705,True,0.0029716022181793885,0.0009977034662943087,0.11684123259908638,0.9207215392898536,1.4682713285085072,0.004,8.988469690773826e-12,94c153d03f9611a06cc09c1b0f83b6f4b5ad723d1e45f56b458781d8c44d36a8,1,4.802932530755779,True,saddle,0.003999999999964046,1807
0.01736644672327593,0.018941523617728655,2.36769047027746,2.2270333704083938,A08,P_high,0.35298662539571524,min,,4.9596776329125705,True,0.0022396048629293856,0.0007513145636856282,0.11596679978105941,0.9213568281299407,1.4572828734327095,0.008,7.628268459611287e-09,94c153d03f9611a06cc09c1b0f83b6f4b5ad723d1e45f56b458781d8c44d36a8,-1,2.1566504546247622,True,saddle,0.007999999938973852,1807
0.017122440144555506,0.017652432843076805,2.206554108814717,2.2270333704083938,A08,P_high,0.35966375190764666,min,,4.9596776329125705,True,0.0029844901127936054,0.0009987644842534692,0.11684123259908638,0.9114765158483111,1.4682713285085072,0.008,1.5545125950366945e-09,94c153d03f9611a06cc09c1b0f83b6f4b5ad723d1e45f56b458781d8c44d36a8,1,2.1566504546247622,True,saddle,0.0079999999875639,1807
0.03876934641695476,0.03458140608568365,4.322675766630624,2.2270333704083938,A08,P_high,0.3621819671243429,max,,4.9596776329125705,True,0.002961507132893882,0.0009993012567042193,0.11633396616563851,0.9213568281299407,1.4618968257445566,0.008,1.3695609316771717e-09,94c153d03f9611a06cc09c1b0f83b6f4b5ad723d1e45f56b458781d8c44d36a8,-1,4.802932530755779,True,saddle,0.007999999989043513,1807
0.03804445556966975,0.034400746413823756,4.300093327572747,2.2270333704083938,A08,P_high,0.35651784390211105,max,,4.9596776329125705,True,0.0029716022181793885,0.0009977034662943087,0.11684123259908638,0.9195571046610809,1.4682713285085072,0.008,6.010282983109905e-09,94c153d03f9611a06cc09c1b0f83b6f4b5ad723d1e45f56b458781d8c44d36a8,1,4.802932530755779,True,saddle,0.007999999951917736,1807
0.006884155243391749,0.006570485412294377,1.6426213530837195,3.4454233752226857,A09,P_high,0.313917794264853,min,,11.870942234530883,True,0.0013779626471982591,0.0009999971324378802,0.11877335041845556,0.8142175881802511,1.4925510552314716,0.004,6.164123031449087e-12,501048084ee10e16df6d8c82622c82021b7f6c1402ffda3f8e1a205791c8f4b7,-1,1.722666337150243,True,saddle,0.003999999999975344,2033
0.006894879638426208,0.007591080705791817,1.8977701906682922,3.4454233752226857,A09,P_high,0.3086534822359681,min,,11.870942234530883,True,0.0013800385047248135,0.0009997008975928734,0.11909061136156628,0.8122117634971298,1.4965378768017592,0.004,7.493182289930456e-09,501048084ee10e16df6d8c82622c82021b7f6c1402ffda3f8e1a205791c8f4b7,1,1.722666337150243,True,saddle,0.003999999970027271,2033
0.023888882786631274,0.020048169842015285,5.01204248669755,3.4454233752226857,A09,P_high,0.31288660783320665,max,,11.870942234530883,True,0.00285965028462469,0.000998762035697044,0.11890425942691786,0.8083303393384161,1.494196107577232,0.004,5.226158481669296e-09,501048084ee10e16df6d8c82622c82021b7f6c1402ffda3f8e1a205791c8f4b7,-1,5.935314865726691,True,saddle,0.003999999979095366,2033
0.02353967366043454,0.021277617030827308,5.319404261640002,3.4454233752226857,A09,P_high,0.3176303179934621,max,,11.870942234530883,True,0.0028645673178776324,0.00099899072024171,0.11909061136156628,0.8142175881802511,1.4965378768017592,0.004,7.394013786660159e-10,501048084ee10e16df6d8c82622c82021b7f6c1402ffda3f8e1a205791c8f4b7,1,5.935314865726691,True,saddle,0.003999999997042395,2033
0.013747251378226135,0.015675584765561523,1.9594480957255325,3.4454233752226857,A09,P_high,0.3514306005090475,min,,11.870942234530883,True,0.0013779626471982591,0.0009999971324378802,0.11833105501337916,0.8142175881802511,1.4869930030990277,0.008,1.548500910830697e-11,501048084ee10e16df6d8c82622c82021b7f6c1402ffda3f8e1a205791c8f4b7,-1,1.722666337150243,True,saddle,0.00799999999987612,2033
0.013816114181659782,0.015188414851033057,1.8985518614772539,3.4454233752226857,A09,P_high,0.3523917403072119,min,,11.870942234530883,True,0.0013800385047248135,0.0009997426811650175,0.11909061136156628,0.8101091226627521,1.4965378768017592,0.008,2.6852686740852505e-09,501048084ee10e16df6d8c82622c82021b7f6c1402ffda3f8e1a205791c8f4b7,1,1.722666337150243,True,saddle,0.00799999997851785,2033
0.048219583812262885,0.041700236117694356,5.212529574385598,3.4454233752226857,A09,P_high,0.3490814995020628,max,,11.870942234530883,True,0.00285965028462469,0.000998762035697044,0.11870629180462108,0.8016394656665954,1.4917083712077543,0.008,1.1448146684106542e-08,501048084ee10e16df6d8c82622c82021b7f6c1402ffda3f8e1a205791c8f4b7,-1,5.935314865726691,True,saddle,0.007999999908414827,2033
0.04670736872412889,0.04105408892255661,5.131761152603567,3.4454233752226857,A09,P_high,0.35234623588621616,max,,11.870942234530883,True,0.0028645673178776324,0.0009992639307668128,0.11909061136156628,0.8142175881802511,1.4965378768017592,0.008,7.26534023914871e-09,501048084ee10e16df6d8c82622c82021b7f6c1402ffda3f8e1a205791c8f4b7,1,5.935314865726691,True,saddle,0.007999999941877278,2033
0.009958361704610588,0.011013539275511568,2.753384821946165,2.1850134091810642,A10,P_high,0.3110633948817849,min,,4.774283598301056,True,0.0029426804315199778,0.000998876750619532,0.10539040158997816,0.9731917043567936,1.3243758347322698,0.004,1.1143640264027477e-09,6ec334a8889671895a43dbbc2e949d9adfbb254976ac7c505b59c330088a5b56,-1,2.5005083220601505,True,saddle,0.003999999995542544,2251
0.010016800580713834,0.011082233026912702,2.770558275459633,2.1850134091810642,A10,P_high,0.307176036760211,min,,4.774283598301056,True,0.002939464236504401,0.0009989951984538618,0.10486381661617336,0.9749864330061353,1.3177585678491486,0.004,6.760896530122462e-09,6ec334a8889671895a43dbbc2e949d9adfbb254976ac7c505b59c330088a5b56,1,2.5005083220601505,True,saddle,0.003999999972956414,2251
0.02172298967797108,0.020879612148119956,5.219903038289822,2.1850134091810642,A10,P_high,0.3054302539676428,max,,4.774283598301056,True,0.0028534015179524966,0.0009993203909551744,0.10539040158997816,0.9749864330061353,1.3243758347322698,0.004,2.4135186037221867e-10,6ec334a8889671895a43dbbc2e949d9adfbb254976ac7c505b59c330088a5b56,-1,5.463644213470271,True,saddle,0.003999999999034593,2251
0.021974197151432076,0.01825383725160061,4.563459312937894,2.1850134091810642,A10,P_high,0.3034645775333047,max,,4.774283598301056,True,0.00285445784948691,0.0009999990251627542,0.1052180609099503,0.9712903970682412,1.3222101362575813,0.004,8.270511012153925e-12,6ec334a8889671895a43dbbc2e949d9adfbb254976ac7c505b59c330088a5b56,1,5.463644213470271,True,saddle,0.003999999999966918,2251
0.019840338817952972,0.021944495324808414,2.743061916526364,2.1850134091810642,A10,P_high,0.3578660376369953,min,,4.774283598301056,True,0.002944325218166149,0.000998876750619532,0.10539040158997816,0.9711475102541086,1.3243758347322698,0.008,3.37328255606284e-10,6ec334a8889671895a43dbbc2e949d9adfbb254976ac7c505b59c330088a5b56,-1,2.5005083220601505,True,saddle,0.007999999997301374,2251
0.019961661383690862,0.02171228347306564,2.714035434159587,2.1850134091810642,A10,P_high,0.357336007989943,min,,4.774283598301056,True,0.002939464236504401,0.000999609513176267,0.10435995842835537,0.9749864330061353,1.3114268943949163,0.008,9.720522997636039e-12,6ec334a8889671895a43dbbc2e949d9adfbb254976ac7c505b59c330088a5b56,1,2.5005083220601505,True,saddle,0.007999999999922236,2251
0.043303193936462016,0.04114699033057569,5.143373815148821,2.1850134091810642,A10,P_high,0.3531886450946331,max,,4.774283598301056,True,0.0029692059894577388,0.0009993858957282032,0.10539040158997816,0.9749864330061353,1.3243758347322698,0.008,4.6325350239878604e-09,6ec334a8889671895a43dbbc2e949d9adfbb254976ac7c505b59c330088a5b56,-1,5.463644213470271,True,saddle,0.00799999996293972,2251
0.04426087616152093,0.04086762039191589,5.10845259177941,2.1850134091810642,A10,P_high,0.3520440561696887,max,,4.774283598301056,True,0.00285445784948691,0.0009999990251627542,0.10500838283209486,0.9665757191947727,1.3195752418535802,0.008,8.376298569687246e-09,6ec334a8889671895a43dbbc2e949d9adfbb254976ac7c505b59c330088a5b56,1,5.463644213470271,True,saddle,0.007999999932989612,2251
0.008607480000691219,0.009997114849057121,2.4992787123076625,3.116209925937924,A11,P_high,0.30762520246207714,min,,9.710764302514042,True,0.002798144750958664,0.000999810543090318,0.1119122437930664,0.7957354325116648,1.4063317821563137,0.004,1.735785994105843e-11,16654d4fb3b18d275dcb3a7647bd7c77126a33998b30e1bafec4fd511e0a2679,-1,2.1577855401810933,True,saddle,0.003999999999930569,2477
0.008653897359580746,0.010724821845477968,2.6812054613883447,3.116209925937924,A11,P_high,0.3142726067453623,min,,9.710764302514042,True,0.002104438405287231,0.0007502612211831603,0.11149740062302825,0.8009533849998196,1.4011187052412097,0.004,7.0314847694374905e-12,16654d4fb3b18d275dcb3a7647bd7c77126a33998b30e1bafec4fd511e0a2679,1,2.1577855401810933,True,saddle,0.003999999999971874,2477
0.02662461964905671,0.024400997080795635,6.1002492712169,3.116209925937924,A11,P_high,0.30537659116089344,max,,9.710764302514042,True,0.0027870777804576943,0.0009988212970456504,0.1119122437930664,0.8009533849998196,1.4063317821563137,0.004,1.6687714578245139e-10,16654d4fb3b18d275dcb3a7647bd7c77126a33998b30e1bafec4fd511e0a2679,-1,6.724112718357647,True,saddle,0.0039999999993324915,2477
0.027136041318013712,0.023088794827401553,5.772198717971962,3.116209925937924,A11,P_high,0.3047718722373247,max,,9.710764302514042,True,0.002770362760573717,0.000999866280707348,0.11169232087217713,0.7912024305426967,1.4035681471617094,0.004,1.9267482574691908e-09,16654d4fb3b18d275dcb3a7647bd7c77126a33998b30e1bafec4fd511e0a2679,1,6.724112718357647,True,saddle,0.003999999992293007,2477
0.01715986664595694,0.0199560092363423,2.494501156380062,3.116209925937924,A11,P_high,0.35057972744107246,min,,9.710764302514042,True,0.0027987996385161456,0.000999810543090318,0.1119122437930664,0.7903974957033025,1.4063317821563137,0.008,7.365297607919707e-10,16654d4fb3b18d275dcb3a7647bd7c77126a33998b30e1bafec4fd511e0a2679,-1,2.1577855401810933,True,saddle,0.007999999994107762,2477
0.01736050756014287,0.01947272614745275,2.434090768576433,3.116209925937924,A11,P_high,0.3519009668380022,min,,9.710764302514042,True,0.0027935584601222687,0.0009999614074322099,0.11115729652547732,0.8009533849998196,1.3968448279118277,0.008,5.950448467295644e-11,16654d4fb3b18d275dcb3a7647bd7c77126a33998b30e1bafec4fd511e0a2679,1,2.1577855401810933,True,saddle,0.007999999999523964,2477
0.0526091764556427,0.047348325953893426,5.918540750970712,3.116209925937924,A11,P_high,0.35653064027428627,max,,9.710764302514042,True,0.002856205062127146,0.0009992968240219715,0.1119122437930664,0.8009533849998196,1.4063317821563137,0.008,1.1377862627753865e-09,16654d4fb3b18d275dcb3a7647bd7c77126a33998b30e1bafec4fd511e0a2679,-1,6.724112718357647,True,saddle,0.00799999999089771,2477
0.05418326710412596,0.05318859974757964,6.648574980094118,3.116209925937924,A11,P_high,0.35890904907137156,max,,9.710764302514042,True,0.002770362760573717,0.000999866280707348,0.11140086435520155,0.7771678402068574,1.3999055938159177,0.008,1.7517532563404714e-09,16654d4fb3b18d275dcb3a7647bd7c77126a33998b30e1bafec4fd511e0a2679,1,6.724112718357647,True,saddle,0.007999999985985974,2477
0.01071008206242809,0.012630844164819875,3.157711048664071,1.9951573633802426,A12,P_high,0.3105768719688058,min,,3.980652904650402,True,0.002415728957006703,0.0009983706634284154,0.09663885358941035,0.961346062630927,1.2144005569688945,0.004,2.362186401344557e-09,3e413072dc5ffa1d828b78698e967b5fe31406c2266141638dd34c7f8f8acefd,-1,2.689420792783297,True,saddle,0.0039999999905512545,2696
0.010768685656189278,0.012715001729765352,3.1787504606410537,1.9951573633802426,A12,P_high,0.31396404281258583,min,,3.980652904650402,True,0.002413287715840654,0.0009985020181431453,0.09601935333373068,0.9615201477063225,1.2066156813459266,0.004,8.871320995515464e-09,3e413072dc5ffa1d828b78698e967b5fe31406c2266141638dd34c7f8f8acefd,1,2.689420792783297,True,saddle,0.003999999964514716,2696
0.02132543222774298,0.020398880590509805,5.099720148049482,1.9951573633802426,A12,P_high,0.30743683595210314,max,,3.980652904650402,True,0.0019377329625581438,0.0009984722800553696,0.09663885358941035,0.9615201477063225,1.2144005569688945,0.004,8.275563394277707e-11,3e413072dc5ffa1d828b78698e967b5fe31406c2266141638dd34c7f8f8acefd,-1,5.365817697949525,True,saddle,0.0039999999996689775,2696
0.02159676185362453,0.022127368515161727,5.531842129022418,1.9951573633802426,A12,P_high,0.3039539633318782,max,,3.980652904650402,True,0.0014535273444830454,0.0007526263344486388,0.09649341907592231,0.958737995463063,1.2125729716072886,0.004,4.193650635087032e-11,3e413072dc5ffa1d828b78698e967b5fe31406c2266141638dd34c7f8f8acefd,1,5.365817697949525,True,saddle,0.003999999999832254,2696
0.021334445290790066,0.025179636415680863,3.1474545552659143,1.9951573633802426,A12,P_high,0.352106973528862,min,,3.980652904650402,True,0.0024174374510692927,0.000998650794597112,0.09663885358941035,0.9610914145657102,1.2144005569688945,0.008,1.05031109677578e-09,3e413072dc5ffa1d828b78698e967b5fe31406c2266141638dd34c7f8f8acefd,-1,2.689420792783297,True,saddle,0.007999999991597511,2696
0.020196755303542004,0.023700938021278803,2.9626172533949493,1.9951573633802426,A12,P_high,0.3641222231090069,min,,3.980652904650402,True,0.002413287715840654,0.0009997153625135415,0.09545783709743823,0.9615201477063225,1.1995594549445059,0.008,2.481248713437356e-10,3e413072dc5ffa1d828b78698e967b5fe31406c2266141638dd34c7f8f8acefd,1,2.689420792783297,True,saddle,0.007999999998015001,2696
0.04389234586409069,0.03979774783018777,4.974718479881634,1.9951573633802426,A12,P_high,0.35606587398797274,max,,3.980652904650402,True,0.0028199107660861144,0.0009984763418316297,0.09663885358941035,0.9615201477063225,1.2144005569688945,0.008,2.2275909415669926e-10,3e413072dc5ffa1d828b78698e967b5fe31406c2266141638dd34c7f8f8acefd,-1,5.365817697949525,True,saddle,0.007999999998217927,2696
0.043575623072685116,0.04459288282233205,5.574110352951618,1.9951573633802426,A12,P_high,0.35833468940109015,max,,3.980652904650402,True,0.0014540237835994408,0.0007526263344486388,0.09635044355662138,0.9556069479960249,1.2107762869010559,0.008,2.8724201836527463e-11,3e413072dc5ffa1d828b78698e967b5fe31406c2266141638dd34c7f8f8acefd,1,5.365817697949525,True,saddle,0.007999999999770207,2696
0.006012836493064809,0.007498277606775983,1.8745694017019197,8.518328520074098,A13,P_high,0.30680709332227707,min,,72.56192077590777,True,0.0008559644072614179,0.000999746450688277,0.11203168556237336,0.4710919262347007,1.4078327328172975,0.004,4.227087430086485e-12,35a0aff4884df32c37a2a11e9d6b7584e7f8d802aa05ccad6d5266098d3dd07f,-1,1.50267863225365,True,saddle,0.003999999999983092,2922
0.0060096957971565446,0.007073490070098278,1.7683725175490361,8.518328520074098,A13,P_high,0.3129574116319418,min,,72.56192077590777,True,0.0008563751087713614,0.000999888801328603,0.11169470329858198,0.47240376917504967,1.4035980856372348,0.004,1.3835720763522019e-11,35a0aff4884df32c37a2a11e9d6b7584e7f8d802aa05ccad6d5266098d3dd07f,1,1.50267863225365,True,saddle,0.003999999999944657,2922
0.049249455038915466,0.04575983917102922,11.439959792759199,8.518328520074098,A13,P_high,0.3042390253394842,max,,72.56192077590777,True,0.0008589630499309747,0.0009947982926377663,0.11203168556237336,0.47240376917504967,1.4078327328172975,0.004,1.6544925152128798e-13,35a0aff4884df32c37a2a11e9d6b7584e7f8d802aa05ccad6d5266098d3dd07f,-1,12.800310249632204,True,saddle,0.003999999999999338,2922
0.05374319867033923,0.05447113660420987,13.61778415131215,8.518328520074098,A13,P_high,0.3086087601259351,max,,72.56192077590777,True,0.0006419582981713701,0.0007581422521595693,0.1117894300529211,0.4203206259333357,1.4047884580284267,0.004,1.9069381490544046e-11,35a0aff4884df32c37a2a11e9d6b7584e7f8d802aa05ccad6d5266098d3dd07f,1,12.800310249632204,True,saddle,0.0039999999999237226,2922
0.012048492948966686,0.014963249185164592,1.8704061481494585,8.518328520074098,A13,P_high,0.35668114200234413,min,,72.56192077590777,True,0.0008559644072614179,0.0009997825555912525,0.11203168556237336,0.46952092700810044,1.4078327328172975,0.008,2.0768976816132323e-12,35a0aff4884df32c37a2a11e9d6b7584e7f8d802aa05ccad6d5266098d3dd07f,-1,1.50267863225365,True,saddle,0.007999999999983385,2922
0.01202828721784713,0.014713127624895683,1.839140953154707,8.518328520074098,A13,P_high,0.3551739575341344,min,,72.56192077590777,True,0.0008563751087713614,0.000999888801328603,0.11133211410696194,0.47240376917504967,1.3990416520714444,0.008,2.324269249287525e-11,35a0aff4884df32c37a2a11e9d6b7584e7f8d802aa05ccad6d5266098d3dd07f,1,1.50267863225365,True,saddle,0.007999999999814059,2922
0.09380355672031332,0.08751326117767862,10.939157647221114,8.518328520074098,A13,P_high,0.3481980646029115,max,,72.56192077590777,True,0.0008589630499309747,0.0009947982926377663,0.11203168556237336,0.47240376917504967,1.4078327328172975,0.008,1.031726787337206e-12,35a0aff4884df32c37a2a11e9d6b7584e7f8d802aa05ccad6d5266098d3dd07f,-1,12.800310249632204,True,saddle,0.007999999999991746,2922
0.11627875073931647,0.1180904890031651,14.761311127284916,8.518328520074098,A13,P_high,0.35392425023019314,max,,72.56192077590777,True,0.0006419582981713701,0.0007615282506475573,0.11154984551568638,0.3557105727384441,1.401777747691411,0.008,1.2798854857887232e-10,35a0aff4884df32c37a2a11e9d6b7584e7f8d802aa05ccad6d5266098d3dd07f,1,12.800310249632204,True,saddle,0.007999999998976092,2922
0.008962926356956393,0.011265164633429612,2.8162911587646993,2.6304099309363935,A14,P_high,0.3098103515803814,min,,6.919056404768802,True,0.0014979141833936544,0.0009993507840336297,0.09108981795277864,0.9515938911291096,1.1446692665254385,0.004,1.4462151094740694e-10,f407aafc09039cf9df61ef9ebf1c56920be7161c3deae896526443bcdd2981b7,-1,2.247378106719156,True,saddle,0.003999999999421514,3147
0.00900924612829674,0.01057464311444929,2.6436607787009994,2.6304099309363935,A14,P_high,0.3089917916804552,min,,6.919056404768802,True,0.0014941681342399862,0.0009999043246121764,0.0905359412545562,0.9517103483950149,1.13770904146243,0.004,3.3543263652791033e-11,f407aafc09039cf9df61ef9ebf1c56920be7161c3deae896526443bcdd2981b7,1,2.247378106719156,True,saddle,0.003999999999865827,3147
0.023474635860577967,0.022344474930226222,5.586118732768414,2.6304099309363935,A14,P_high,0.3106143046170473,max,,6.919056404768802,True,0.001623422921259484,0.0009980900997481024,0.09108981795277864,0.9517103483950149,1.1446692665254385,0.004,3.792582567441194e-11,f407aafc09039cf9df61ef9ebf1c56920be7161c3deae896526443bcdd2981b7,-1,5.911525690483098,True,saddle,0.003999999999848297,3147
0.023820791071302003,0.024272126477211137,6.068031619376784,2.6304099309363935,A14,P_high,0.3043154552578926,max,,6.919056404768802,True,0.0012118220233404242,0.0007539755339735837,0.09095774730123764,0.9487593474721848,1.1430096165313266,0.004,1.2195106036116954e-11,f407aafc09039cf9df61ef9ebf1c56920be7161c3deae896526443bcdd2981b7,1,5.911525690483098,True,saddle,0.00399999999995122,3147
0.017864839066112137,0.022487324440122546,2.8109155557705283,2.6304099309363935,A14,P_high,0.35544978082180023,min,,6.919056404768802,True,0.0014979141833936544,0.0009993507840336297,0.09108981795277864,0.9514347765803888,1.1446692665254385,0.008,2.6867050251233593e-10,f407aafc09039cf9df61ef9ebf1c56920be7161c3deae896526443bcdd2981b7,-1,2.247378106719156,True,saddle,0.007999999997850636,3147
0.01807962311196238,0.021947737493246508,2.7434671866926803,2.6304099309363935,A14,P_high,0.35316208750009537,min,,6.919056404768802,True,0.0014941856385481856,0.0009999901745128279,0.08993988761444961,0.9517103483950149,1.1302188049204673,0.008,1.3438035406654336e-11,f407aafc09039cf9df61ef9ebf1c56920be7161c3deae896526443bcdd2981b7,1,2.247378106719156,True,saddle,0.007999999999892496,3147
0.0465101381394107,0.044341768431600176,5.542721054296464,2.6304099309363935,A14,P_high,0.36062560975551605,max,,6.919056404768802,True,0.001623422921259484,0.0009981139352392356,0.09108981795277864,0.9517103483950149,1.1446692665254385,0.008,6.250382156292034e-11,f407aafc09039cf9df61ef9ebf1c56920be7161c3deae896526443bcdd2981b7,-1,5.911525690483098,True,saddle,0.00799999999949997,3147
0.0481317058998323,0.048988361063364017,6.123545132958566,2.6304099309363935,A14,P_high,0.36080673057585955,max,,6.919056404768802,True,0.0012118220233404242,0.0007539755339735837,0.09082846123425269,0.9454070788954061,1.1413849586848883,0.008,6.215947895293894e-12,f407aafc09039cf9df61ef9ebf1c56920be7161c3deae896526443bcdd2981b7,1,5.911525690483098,True,saddle,0.007999999999950273,3147
0.028010635015434503,0.028461202942751836,7.115300756207253,1.1407863057952234,A00,P_low,0.562014626339078,min,,1.301393395489913,True,0.00846135906247089,0.0009990605166027352,0.25043829787003896,1.0344722744641022,1.573503825517455,0.004,2.8838266410285973e-09,cabf003e9048cb0525f73233fb6347d3d73d50844fc3509b1c2378aa6157772a,-1,7.093593190276923,True,hemisphere,0.0039999999884646935,1
0.028464016025218267,0.028414847269552256,7.103711883443262,1.1407863057952234,A00,P_low,0.5450965305790305,min,,1.301393395489913,True,0.008404314104261273,0.0009962106476982507,0.24666722110585268,1.02876341039208,1.5498101502080726,0.004,9.298687687897544e-09,cabf003e9048cb0525f73233fb6347d3d73d50844fc3509b1c2378aa6157772a,1,7.093593190276923,True,hemisphere,0.003999999962805249,1
0.03199620549165996,0.032381850419281086,8.095462639434308,1.1407863057952234,A00,P_low,0.5580233577638865,max,,1.301393395489913,True,0.008298723502406657,0.000993079845830694,0.25043829787003896,1.0344722744641022,1.573503825517455,0.004,4.275732979480695e-09,cabf003e9048cb0525f73233fb6347d3d73d50844fc3509b1c2378aa6157772a,-1,8.092273970350165,True,hemisphere,0.003999999982897068,1
0.03239026237141177,0.03268886920529324,8.172217434284262,1.1407863057952234,A00,P_low,0.5573751432821155,max,,1.301393395489913,True,0.008385121335008718,0.0009988618421429445,0.2502947011814595,1.0342985260747797,1.5726016075231104,0.004,1.626987433667182e-08,cabf003e9048cb0525f73233fb6347d3d73d50844fc3509b1c2378aa6157772a,1,8.092273970350165,True,hemisphere,0.003999999934920503,1
0.05547008367909373,0.05676068802095225,7.09508600401465,1.1407863057952234,A00,P_low,0.6268060626462102,min,,1.301393395489913,True,0.00846135906247089,0.0009990605166027352,0.25043829787003896,1.0344722744641022,1.573503825517455,0.008,1.9670224650492063e-10,cabf003e9048cb0525f73233fb6347d3d73d50844fc3509b1c2378aa6157772a,-1,7.093593190276923,True,hemisphere,0.007999999998426382,1
0.056916834612855384,0.05535964340942665,6.919955427598967,1.1407863057952234,A00,P_low,0.6199061023071408,min,,1.301393395489913,True,0.008404314104261273,0.0009962106476982507,0.2431024703909215,1.0232390501147095,1.52741282146616,0.008,2.0529541608360624e-10,cabf003e9048cb0525f73233fb6347d3d73d50844fc3509b1c2378aa6157772a,1,7.093593190276923,True,hemisphere,0.007999999998357637,1
0.0637057783516803,0.0629804211874824,7.872552712717425,1.1407863057952234,A00,P_low,0.6240644948557019,max,,1.301393395489913,True,0.008298723502406657,0.000993079845830694,0.25043829787003896,1.0344053720068553,1.573503825517455,0.008,8.165347087710217e-09,cabf003e9048cb0525f73233fb6347d3d73d50844fc3509b1c2378aa6157772a,-1,8.092273970350165,True,hemisphere,0.007999999934677223,1
0.06508313104295316,0.06556897745330817,8.196122186975915,1.1407863057952234,A00,P_low,0.6155690150335431,max,,1.301393395489913,True,0.008433572997016421,0.0009995587116452167,0.25016116713613173,1.0340348961405126,1.5717626131163158,0.008,6.481594774787602e-10,cabf003e9048cb0525f73233fb6347d3d73d50844fc3509b1c2378aa6157772a,1,8.092273970350165,True,hemisphere,0.007999999994814724,1
0.019366588170437966,0.021466267183150232,5.36656684193923,1.2193021560507216,A01,P_low,0.5749391531571746,min,,1.486697747749938,True,0.007073119784518528,0.0009969430422011542,0.25642182675183417,1.077353017780233,2.1677798979724496,0.004,8.599850432472467e-09,d2359bdb39117c1949f2773d6fad9afd6bd51a7aec370fbd7949cb4751acd726,-1,4.825712437913258,True,hemisphere,0.003999999965600598,399
0.019085325247912965,0.02140104981903034,5.350262462527447,1.2193021560507216,A01,P_low,0.5612229192629457,min,,1.486697747749938,True,0.007071724113235338,0.0009963727140988286,0.25663377390329434,1.0764014155271115,2.181318820529449,0.004,1.4522395872657023e-09,d2359bdb39117c1949f2773d6fad9afd6bd51a7aec370fbd7949cb4751acd726,1,4.825712437913258,True,hemisphere,0.003999999994191042,399
0.023262470920102238,0.020932703634963114,5.23317596346493,1.2193021560507216,A01,P_low,0.5604443214833736,max,,1.486697747749938,True,0.007169214656174115,0.0009893533775665194,0.25650953932228954,1.077353017780233,2.181318820529449,0.004,1.0457158793400478e-08,d2359bdb39117c1949f2773d6fad9afd6bd51a7aec370fbd7949cb4751acd726,-1,5.884001580028419,True,hemisphere,0.003999999958171365,399
0.023140966513351673,0.020629601729979664,5.157400443622274,1.2193021560507216,A01,P_low,0.5656438553705812,max,,1.486697747749938,True,0.007065293681844676,0.0009840289711140985,0.25663377390329434,1.0714342393882714,2.177053022123545,0.004,2.1575516980648635e-09,d2359bdb39117c1949f2773d6fad9afd6bd51a7aec370fbd7949cb4751acd726,1,5.884001580028419,True,hemisphere,0.003999999991369793,399
0.0389884306875637,0.04302650859920826,5.378313577412703,1.2193021560507216,A01,P_low,0.6159072946757078,min,,1.486697747749938,True,0.00709864003418286,0.0009978636731126334,0.2562078569031126,1.077353017780233,2.1543202367179077,0.008,4.669997027972883e-10,d2359bdb39117c1949f2773d6fad9afd6bd51a7aec370fbd7949cb4751acd726,-1,4.825712437913258,True,hemisphere,0.007999999996264003,399
0.03458728321402912,0.03908242119395576,4.885302654958323,1.2193021560507216,A01,P_low,0.6268800096586347,min,,1.486697747749938,True,0.007071724113235338,0.0009963727140988286,0.25663377390329434,1.075347715234162,2.181318820529449,0.008,1.1696006576439322e-09,d2359bdb39117c1949f2773d6fad9afd6bd51a7aec370fbd7949cb4751acd726,1,4.825712437913258,True,hemisphere,0.007999999990643195,399
0.04659811658511003,0.04210507384582532,5.263134241952183,1.2193021560507216,A01,P_low,0.610809626057744,max,,1.486697747749938,True,0.007252156155869795,0.0009928759687606612,0.2563861542426909,1.077353017780233,2.181318820529449,0.008,2.1325729810534044e-09,d2359bdb39117c1949f2773d6fad9afd6bd51a7aec370fbd7949cb4751acd726,-1,5.884001580028419,True,hemisphere,0.007999999982939416,399
0.046112955765004425,0.04093926234483773,5.117407830473697,1.2193021560507216,A01,P_low,0.6095044426620007,max,,1.486697747749938,True,0.007065293681844676,0.0009840289711140985,0.25663377390329434,1.0655070669136626,2.172791151730279,0.008,7.302326061539577e-09,d2359bdb39117c1949f2773d6fad9afd6bd51a7aec370fbd7949cb4751acd726,1,5.884001580028419,True,hemisphere,0.007999999941581392,399
0.011039307067919045,0.011981457547714234,2.9953643874157385,2.605606416017279,A02,P_low,0.5732854371890426,min,,6.789184795190411,True,0.003617091548875489,0.0009967432359107927,0.2676974763776695,1.0623067070495213,1.9883422122509975,0.004,1.6264463734150247e-10,2304da2ab8173dee85c0d7a7ea69d13a55ecd5d287bc0f3c3f641744ae27e0eb,-1,2.7794413464226078,True,hemisphere,0.0039999999993494215,773
0.011137148505330012,0.011952796656210646,2.988199186773001,2.605606416017279,A02,P_low,0.5652550226077437,min,,6.789184795190411,True,0.0036340501919139147,0.0009987565069186149,0.2683010931608133,1.0635187073542443,1.9878958215632672,0.004,7.603355011570612e-09,2304da2ab8173dee85c0d7a7ea69d13a55ecd5d287bc0f3c3f641744ae27e0eb,1,2.7794413464226078,True,hemisphere,0.00399999996958658,773
0.029067353108177738,0.02604844818811465,6.512112052865057,2.605606416017279,A02,P_low,0.5573091171681881,max,,6.789184795190411,True,0.0074712647508543995,0.0009997208097869993,0.2683010931608133,1.0612706287341198,1.9732904024388207,0.004,8.96236860767341e-10,2304da2ab8173dee85c0d7a7ea69d13a55ecd5d287bc0f3c3f641744ae27e0eb,-1,7.242130205182453,True,hemisphere,0.003999999996415053,773
0.028703441625179453,0.027992784626776353,6.998196159448579,2.605606416017279,A02,P_low,0.5622689537703991,max,,6.789184795190411,True,0.007474228636708399,0.0009965027606312462,0.26793871015111287,1.0635187073542443,1.9883422122509975,0.004,3.9360008308175765e-10,2304da2ab8173dee85c0d7a7ea69d13a55ecd5d287bc0f3c3f641744ae27e0eb,1,7.242130205182453,True,hemisphere,0.0039999999984256,773
0.021980940001784056,0.02399626160536008,2.9995327019850464,2.605606416017279,A02,P_low,0.6172170517966151,min,,6.789184795190411,True,0.003617091548875489,0.0009967432359107927,0.2670948125976651,1.0610726016856589,1.9883422122509975,0.008,4.3841384515797e-10,2304da2ab8173dee85c0d7a7ea69d13a55ecd5d287bc0f3c3f641744ae27e0eb,-1,2.7794413464226078,True,hemisphere,0.00799999999649269,773
0.022363918296033437,0.023865031641294374,2.983128962313302,2.605606416017279,A02,P_low,0.6166262459009886,min,,6.789184795190411,True,0.003640068251166265,0.0009994468587256645,0.2683010931608133,1.0635187073542443,1.987495164430305,0.008,2.397316936977867e-09,2304da2ab8173dee85c0d7a7ea69d13a55ecd5d287bc0f3c3f641744ae27e0eb,1,2.7794413464226078,True,hemisphere,0.007999999980821465,773
0.05840583319077179,0.05571497769726948,6.964372212171598,2.605606416017279,A02,P_low,0.6172818820923567,max,,6.789184795190411,True,0.0074712647508543995,0.0009997208097869993,0.2683010931608133,1.058688281009014,1.956181491255797,0.008,1.8542025553847097e-12,2304da2ab8173dee85c0d7a7ea69d13a55ecd5d287bc0f3c3f641744ae27e0eb,-1,7.242130205182453,True,hemisphere,0.007999999999985167,773
0.05695167754862625,0.05597702085455339,6.997127625750077,2.605606416017279,A02,P_low,0.6186810154467821,max,,6.789184795190411,True,0.007474228636708399,0.0009965027606312462,0.26757188147519606,1.0635187073542443,1.9883422122509975,0.008,2.7055250401142317e-09,2304da2ab8173dee85c0d7a7ea69d13a55ecd5d287bc0f3c3f641744ae27e0eb,1,7.242130205182453,True,hemisphere,0.0079999999783558,773
0.013017843904414572,0.01597483464401746,3.993708683599822,2.3206120747634227,A03,P_low,0.5879163481295109,min,,5.385240401537797,True,0.0038204650903558017,0.000990920778015339,0.27125423398255594,1.019542210970568,1.7492574533141518,0.004,5.657762886662754e-09,75ee7ced967cd8a4b8fcb267efedf98e9a6aa2c29724c98a79a730cc09f36311,-1,3.279307840601457,True,hemisphere,0.0039999999773689485,1172
0.013056885244091982,0.015946884430136397,3.9867211126747018,2.3206120747634227,A03,P_low,0.5717037376016378,min,,5.385240401537797,True,0.0038389867615015102,0.0009951387580971064,0.271881245091462,1.0209083222586277,1.749435247985734,0.004,1.2894312353961546e-09,75ee7ced967cd8a4b8fcb267efedf98e9a6aa2c29724c98a79a730cc09f36311,1,3.279307840601457,True,hemisphere,0.003999999994842275,1172
0.030206540012522643,0.030148905415052885,7.5372265010853745,2.3206120747634227,A03,P_low,0.5756815280765295,max,,5.385240401537797,True,0.007199201527129896,0.0009880211801463039,0.271881245091462,1.0154493109550689,1.7292159046397235,0.004,1.9545936917608753e-08,75ee7ced967cd8a4b8fcb267efedf98e9a6aa2c29724c98a79a730cc09f36311,-1,7.610001371766107,True,hemisphere,0.003999999921816252,1172
0.029680728154559407,0.03006835406837255,7.517088546496751,2.3206120747634227,A03,P_low,0.5748989637941122,max,,5.385240401537797,True,0.0071538945110539865,0.0009853379706899555,0.2715091175852829,1.0209083222586277,1.749435247985734,0.004,3.911569419062788e-09,75ee7ced967cd8a4b8fcb267efedf98e9a6aa2c29724c98a79a730cc09f36311,1,7.610001371766107,True,hemisphere,0.003999999984353722,1172
0.026049469145969464,0.032022116693869465,4.002764596327746,2.3206120747634227,A03,P_low,0.6308542769402266,min,,5.385240401537797,True,0.0038204650903558017,0.000990920778015339,0.27063067650983186,1.0181581254803609,1.7490847656317279,0.008,2.3968591868206435e-09,75ee7ced967cd8a4b8fcb267efedf98e9a6aa2c29724c98a79a730cc09f36311,-1,3.279307840601457,True,hemisphere,0.007999999980825127,1172
0.026134816272320737,0.03180767226866919,3.975959035722709,2.3206120747634227,A03,P_low,0.629490727558732,min,,5.385240401537797,True,0.0038389867615015102,0.0009963864561456951,0.271881245091462,1.0209083222586277,1.749435247985734,0.008,5.379984652220671e-10,75ee7ced967cd8a4b8fcb267efedf98e9a6aa2c29724c98a79a730cc09f36311,1,3.279307840601457,True,hemisphere,0.007999999995696012,1172
0.06085395311991093,0.0603782886885683,7.547286120627174,2.3206120747634227,A03,P_low,0.640076850540936,max,,5.385240401537797,True,0.0072462351230681244,0.0009919342582298087,0.271881245091462,1.0086637621313634,1.7089891552613177,0.008,4.578617433109722e-09,75ee7ced967cd8a4b8fcb267efedf98e9a6aa2c29724c98a79a730cc09f36311,-1,7.610001371766107,True,hemisphere,0.00799999996337106,1172
0.05876948971793525,0.05996712769460199,7.495891055920901,2.3206120747634227,A03,P_low,0.6337966667488217,max,,5.385240401537797,True,0.0071538945110539865,0.0009853379706899555,0.27113028047659304,1.0209083222586277,1.749435247985734,0.008,1.2552964310380554e-08,75ee7ced967cd8a4b8fcb267efedf98e9a6aa2c29724c98a79a730cc09f36311,1,7.610001371766107,True,hemisphere,0.007999999899576286,1172
0.015809143558524277,0.021428820200342997,5.357205053548515,2.02425879815516,A04,P_low,0.5764391832053661,min,,4.097623681908573,True,0.004130074124400399,0.0009977930034577862,0.2483517972624169,0.9160305449333344,1.5603943421997655,0.004,6.463755312241526e-10,8a17f94e7c1551846f8daf55880d4c7645e69412ce87010bb6bbbc3879e2a067,-1,3.9601572239959597,True,hemisphere,0.003999999997414498,1558
0.015748071942987642,0.021262631955597674,5.315658121952145,2.02425879815516,A04,P_low,0.5828059380874038,min,,4.097623681908573,True,0.00414233924665318,0.0009990538872375566,0.2485536234077144,0.9207118104001607,1.5616624158706696,0.004,2.5030339346338026e-08,8a17f94e7c1551846f8daf55880d4c7645e69412ce87010bb6bbbc3879e2a067,1,3.9601572239959597,True,hemisphere,0.003999999899878643,1558
0.031956600028184796,0.0298328405517583,7.458210139969482,2.02425879815516,A04,P_low,0.5850961925461888,max,,4.097623681908573,True,0.007415473252225594,0.0009985329921550817,0.24540849516531604,0.9039506808409852,1.5419015751236809,0.004,2.7217074080598813e-10,8a17f94e7c1551846f8daf55880d4c7645e69412ce87010bb6bbbc3879e2a067,-1,8.016383102751535,True,hemisphere,0.003999999998911317,1558
0.032010989161092136,0.0300750499297383,7.518762486180957,2.02425879815516,A04,P_low,0.5578022804111242,max,,4.097623681908573,True,0.00744873798605611,0.0009984373032806083,0.2485536234077144,0.9207118104001607,1.5616624158706696,0.004,4.982711292178532e-10,8a17f94e7c1551846f8daf55880d4c7645e69412ce87010bb6bbbc3879e2a067,1,8.016383102751535,True,hemisphere,0.003999999998006916,1558
0.031705650062334105,0.0431179165512825,5.3897395777101424,2.02425879815516,A04,P_low,0.6110491286963224,min,,4.097623681908573,True,0.004130074124400399,0.0009977930034577862,0.2481529335217566,0.9113763159485854,1.5591448813171969,0.008,1.6327004852267901e-09,8a17f94e7c1551846f8daf55880d4c7645e69412ce87010bb6bbbc3879e2a067,-1,3.9601572239959597,True,hemisphere,0.007999999986938396,1558
0.031389861563891897,0.04223689176081764,5.279611517856539,2.02425879815516,A04,P_low,0.6047049174085259,min,,4.097623681908573,True,0.00414233924665318,0.0009999426086884152,0.2485536234077144,0.9207118104001607,1.5616624158706696,0.008,9.045047046421506e-09,8a17f94e7c1551846f8daf55880d4c7645e69412ce87010bb6bbbc3879e2a067,1,3.9601572239959597,True,hemisphere,0.007999999927639624,1558
0.0637202877916026,0.05940759381186322,7.425949241273797,2.02425879815516,A04,P_low,0.6269994685426354,max,,4.097623681908573,True,0.007415473252225594,0.0009985329921550817,0.2422889364869683,0.8867620510410992,1.522301387947622,0.008,1.9917849921474717e-09,8a17f94e7c1551846f8daf55880d4c7645e69412ce87010bb6bbbc3879e2a067,-1,8.016383102751535,True,hemisphere,0.00799999998406572,1558
0.06402498063855076,0.060302133550187,7.537766778227932,2.02425879815516,A04,P_low,0.6100350627675653,max,,4.097623681908573,True,0.00746303401822965,0.000999275386463704,0.2485536234077144,0.9207118104001607,1.5616624158706696,0.008,1.1204188184871233e-08,8a17f94e7c1551846f8daf55880d4c7645e69412ce87010bb6bbbc3879e2a067,1,8.016383102751535,True,hemisphere,0.007999999910366495,1558
0.02928172858234386,0.04181586451946191,10.453966133863025,1.2387041251694413,A05,P_low,0.5636372836306691,min,,1.5343879097117907,True,0.007203284917431412,0.0009828431410999153,0.2140102390202183,0.7242760285130976,1.3446263317640317,0.004,3.8239528730998895e-10,fb1a94890ccd83b126d4492c7a389a631d1d3df03c9a72fc6b37ee1b2052cd6b,-1,7.316798954398141,True,hemisphere,0.003999999998470419,1969
0.028222100609140537,0.04006232084952103,10.015580272276582,1.2387041251694413,A05,P_low,0.5616704439744353,min,,1.5343879097117907,True,0.007076335292998538,0.0009911539715072545,0.21757619102312095,0.7400983880686669,1.367031208198269,0.004,5.980314984541102e-09,fb1a94890ccd83b126d4492c7a389a631d1d3df03c9a72fc6b37ee1b2052cd6b,1,7.316798954398141,True,hemisphere,0.00399999997607874,1969
0.03639290261349142,0.04450435652978395,11.12608914188996,1.2387041251694413,A05,P_low,0.5711215836927295,max,,1.5343879097117907,True,0.005273383120906021,0.0007517620524350213,0.21628133435367897,0.7242963128435751,1.358895623744165,0.004,8.48813424061956e-10,fb1a94890ccd83b126d4492c7a389a631d1d3df03c9a72fc6b37ee1b2052cd6b,-1,9.063349047848433,True,hemisphere,0.003999999996604746,1969
0.03608361757351593,0.04127621436193443,10.31905360497744,1.2387041251694413,A05,P_low,0.5497149070724845,max,,1.5343879097117907,True,0.007166678127691347,0.0009980989670326603,0.21757619102312095,0.7400983880686669,1.367031208198269,0.004,1.4045700366671632e-09,fb1a94890ccd83b126d4492c7a389a631d1d3df03c9a72fc6b37ee1b2052cd6b,1,9.063349047848433,True,hemisphere,0.00399999999438172,1969
0.05978403579681883,0.08527899857699055,10.659874903480231,1.2387041251694413,A05,P_low,0.6131871957331896,min,,1.5343879097117907,True,0.007295995806024576,0.000986430635773303,0.21039660902974716,0.7084551468224978,1.3219218945339015,0.008,7.632023268575039e-09,fb1a94890ccd83b126d4492c7a389a631d1d3df03c9a72fc6b37ee1b2052cd6b,-1,7.316798954398141,True,hemisphere,0.007999999938943814,1969
0.05525559474681979,0.0785323041462333,9.81653802361515,1.2387041251694413,A05,P_low,0.6094853188842535,min,,1.5343879097117907,True,0.007076335292998538,0.0009911539715072545,0.21757619102312095,0.7400983880686669,1.367031208198269,0.008,5.435712643886426e-10,fb1a94890ccd83b126d4492c7a389a631d1d3df03c9a72fc6b37ee1b2052cd6b,1,7.316798954398141,True,hemisphere,0.00799999999565143,1969
0.06842285118355047,0.07957825693160156,9.94728216125183,1.2387041251694413,A05,P_low,0.6047507980838418,max,,1.5343879097117907,True,0.007011642878769672,0.0009998301478519017,0.21527016378860026,0.7131995325654257,1.3525424390837755,0.008,4.503907012967656e-09,fb1a94890ccd83b126d4492c7a389a631d1d3df03c9a72fc6b37ee1b2052cd6b,-1,9.063349047848433,True,hemisphere,0.007999999963968744,1969
0.07167784783029489,0.08139086575715712,10.173858220143982,1.2387041251694413,A05,P_low,0.6035110643133521,max,,1.5343879097117907,True,0.007166678127691347,0.0009981054715915653,0.21757619102312095,0.7400983880686669,1.367031208198269,0.008,4.90809649866808e-11,fb1a94890ccd83b126d4492c7a389a631d1d3df03c9a72fc6b37ee1b2052cd6b,1,9.063349047848433,True,hemisphere,0.007999999999607352,1969
0.026347398847031495,0.03779439506635637,9.448598787687642,1.2189643381911346,A06,P_low,0.5620939275249839,min,,1.4858740577817506,True,0.007104186913169306,0.0009937657730203979,0.21593312670388334,0.837430199768344,1.356707835080499,0.004,2.232981811609025e-09,0afea186820c33cdf474d323eae08d8108ecdb663b6ec1f8aeb6260efb15b8e2,-1,6.785145594998854,True,hemisphere,0.003999999991068073,2355
0.027149817142707137,0.03853080950312405,9.632702478358011,1.2189643381911346,A06,P_low,0.5599127747118473,min,,1.4858740577817506,True,0.0071905205648003494,0.0009853880560221511,0.21294479829648288,0.8302489364952488,1.3379321676968021,0.004,1.0648828823942025e-08,0afea186820c33cdf474d323eae08d8108ecdb663b6ec1f8aeb6260efb15b8e2,1,6.785145594998854,True,hemisphere,0.003999999957404685,2355
0.03299966871261131,0.030393132669531045,7.598283182164119,1.2189643381911346,A06,P_low,0.5616061305627227,max,,1.4858740577817506,True,0.0069054536740605155,0.000999602743208669,0.21593312670388334,0.837430199768344,1.356707835080499,0.004,1.945354901472518e-09,0afea186820c33cdf474d323eae08d8108ecdb663b6ec1f8aeb6260efb15b8e2,-1,8.27085050973827,True,hemisphere,0.0039999999922185805,2355
0.03313227732762602,0.030313348029091386,7.578337011092322,1.2189643381911346,A06,P_low,0.5497438656166196,max,,1.4858740577817506,True,0.006904576883704457,0.0009998921439797136,0.2138100768732143,0.8211666350592561,1.3433687129944054,0.004,5.039991861355286e-10,0afea186820c33cdf474d323eae08d8108ecdb663b6ec1f8aeb6260efb15b8e2,1,8.27085050973827,True,hemisphere,0.003999999997984003,2355
0.0517637359071985,0.07476610251017424,9.345762884713956,1.2189643381911346,A06,P_low,0.6103252628818154,min,,1.4858740577817506,True,0.007104186913169306,0.0009937657730203979,0.21593312670388334,0.837430199768344,1.356707835080499,0.008,7.59083854801057e-09,0afea186820c33cdf474d323eae08d8108ecdb663b6ec1f8aeb6260efb15b8e2,-1,6.785145594998854,True,hemisphere,0.007999999939273292,2355
0.055101636882133015,0.07769686779081475,9.712108494796716,1.2189643381911346,A06,P_low,0.6150191137567163,min,,1.4858740577817506,True,0.007270092849131521,0.000988826293230424,0.2099707354037148,0.8233774308565307,1.3192461305415402,0.008,2.156573097183978e-09,0afea186820c33cdf474d323eae08d8108ecdb663b6ec1f8aeb6260efb15b8e2,1,6.785145594998854,True,hemisphere,0.007999999982747415,2355
0.06577044198105456,0.06266140851317295,7.832676064714428,1.2189643381911346,A06,P_low,0.6046695476397872,max,,1.4858740577817506,True,0.0069054536740605155,0.000999602743208669,0.21593312670388334,0.837430199768344,1.356707835080499,0.008,7.249235933759479e-11,0afea186820c33cdf474d323eae08d8108ecdb663b6ec1f8aeb6260efb15b8e2,-1,8.27085050973827,True,hemisphere,0.007999999999420061,2355
0.06581620896101911,0.061711017817421214,7.713877248798395,1.2189643381911346,A06,P_low,0.604643702507019,max,,1.4858740577817506,True,0.006904576883704457,0.0009998921439797136,0.21165649519362995,0.8041910547232851,1.329837759301577,0.008,2.8028373892652336e-09,0afea186820c33cdf474d323eae08d8108ecdb663b6ec1f8aeb6260efb15b8e2,1,8.27085050973827,True,hemisphere,0.007999999977577301,2355
0.02631928609400015,0.026131090701872965,6.532772678072751,1.1735964993548795,A07,P_low,0.5469637997448444,min,,1.3773287432980277,True,0.006927461131802827,0.0009540218245612055,0.2166119080781622,0.92504213182328,1.3609726184550932,0.004,3.986836902281077e-10,6961dd77b63af5edf2264b6ca989ace9c0ba7d475342e70e1893bea23da76aff,-1,6.753202681541012,True,hemisphere,0.003999999998405265,2754
0.02716633758068906,0.032695024705721124,8.17375619672574,1.1735964993548795,A07,P_low,0.5683304695412517,min,,1.3773287432980277,True,0.007581712033716895,0.0009963657678920242,0.21349944421545802,0.9181613923119717,1.3414170080057228,0.004,2.4830029525524377e-09,6961dd77b63af5edf2264b6ca989ace9c0ba7d475342e70e1893bea23da76aff,1,6.753202681541012,True,hemisphere,0.003999999990067988,2754
0.030755700268306485,0.032210807613582026,8.052701977805093,1.1735964993548795,A07,P_low,0.5583860296756029,max,,1.3773287432980277,True,0.0066872682526004775,0.0009922781130246659,0.2166119080781622,0.92504213182328,1.3609726184550932,0.004,9.240325301793084e-09,6961dd77b63af5edf2264b6ca989ace9c0ba7d475342e70e1893bea23da76aff,-1,7.925535026490517,True,hemisphere,0.003999999963038699,2754
0.03145959614419173,0.030358436619609103,7.589609174313417,1.1735964993548795,A07,P_low,0.5560014620423317,max,,1.3773287432980277,True,0.006733389007082088,0.0009894062100361744,0.21479955766109887,0.9121082092788197,1.3495856207846844,0.004,2.5575943272959645e-09,6961dd77b63af5edf2264b6ca989ace9c0ba7d475342e70e1893bea23da76aff,1,7.925535026490517,True,hemisphere,0.003999999989769623,2754
0.051498720695228956,0.06286267090661965,7.857833866330755,1.1735964993548795,A07,P_low,0.6079381983727217,min,,1.3773287432980277,True,0.007252737669887334,0.0009998079288351266,0.2166119080781622,0.92504213182328,1.3609726184550932,0.008,3.822044677276315e-10,6961dd77b63af5edf2264b6ca989ace9c0ba7d475342e70e1893bea23da76aff,-1,6.753202681541012,True,hemisphere,0.007999999996942364,2754
0.05451469448193697,0.06401120747659156,8.001400938943874,1.1735964993548795,A07,P_low,0.596888673491776,min,,1.3773287432980277,True,0.007583025833820679,0.0009964209490807413,0.21065896056009417,0.9122969836588405,1.3235702491990717,0.008,5.461455940269921e-10,6961dd77b63af5edf2264b6ca989ace9c0ba7d475342e70e1893bea23da76aff,1,6.753202681541012,True,hemisphere,0.007999999995630835,2754
0.060851708716328404,0.061987384717792506,7.748423097656667,1.1735964993548795,A07,P_low,0.6013684459030628,max,,1.3773287432980277,True,0.0066872682526004775,0.000994891896703127,0.2166119080781622,0.92504213182328,1.3609726184550932,0.008,1.0237700444337694e-09,6961dd77b63af5edf2264b6ca989ace9c0ba7d475342e70e1893bea23da76aff,-1,7.925535026490517,True,hemisphere,0.00799999999180984,2754
0.06321647822639898,0.06259057470560722,7.823821848470054,1.1735964993548795,A07,P_low,0.6124181281775236,max,,1.3773287432980277,True,0.0067591831811404535,0.0009938137803063127,0.2128136926027996,0.8976044205655475,1.3371084306233898,0.008,1.312549244639194e-09,6961dd77b63af5edf2264b6ca989ace9c0ba7d475342e70e1893bea23da76aff,1,7.925535026490517,True,hemisphere,0.007999999989499606,2754
0.02920879614380274,0.02862139837152878,7.15534960219489,1.2986463435734836,A08,P_low,0.5529649145901203,min,,1.6864823256767785,True,0.007003647790526215,0.0009994701962717208,0.16880021154174824,0.7804847110881225,1.0605717291168042,0.004,1.3015010076611322e-09,aa175788717ab312a71a326f8688f1c4849287e1349c6357697e2bc0a9ed5a55,-1,7.411519637884203,True,hemisphere,0.003999999994793996,3140
0.02985381786771539,0.0334438217469846,8.360955496910234,1.2986463435734836,A08,P_low,0.549324506893754,min,,1.6864823256767785,True,0.007078465603447117,0.00099152089625892,0.16534861479171042,0.7676515722859641,1.0388853467363166,0.004,7.195838543083699e-09,aa175788717ab312a71a326f8688f1c4849287e1349c6357697e2bc0a9ed5a55,1,7.411519637884203,True,hemisphere,0.003999999971216646,3140
0.038260801034442904,0.04100387828450417,10.250969587694444,1.2986463435734836,A08,P_low,0.5550815993919969,max,,1.6864823256767785,True,0.007544566451460386,0.0009937566676406597,0.16880021154174824,0.7804847110881225,1.0605717291168042,0.004,1.6162765570371107e-09,aa175788717ab312a71a326f8688f1c4849287e1349c6357697e2bc0a9ed5a55,-1,9.62494287806139,True,hemisphere,0.003999999993534894,3140
0.03841783111644775,0.03861411739443378,9.653529417665037,1.2986463435734836,A08,P_low,0.5540246963500977,max,,1.6864823256767785,True,0.007505510314767545,0.000999260754209636,0.16830044426945107,0.7671957615886312,1.057431691344961,0.004,7.1535071703016095e-09,aa175788717ab312a71a326f8688f1c4849287e1349c6357697e2bc0a9ed5a55,1,9.62494287806139,True,hemisphere,0.003999999971385971,3140
0.0576815047464245,0.07018698001276467,8.773372557265997,1.2986463435734836,A08,P_low,0.6022399850189686,min,,1.6864823256767785,True,0.007003647790526215,0.0009994701962717208,0.16880021154174824,0.7804847110881225,1.0605717291168042,0.008,6.3453834200921655e-09,aa175788717ab312a71a326f8688f1c4849287e1349c6357697e2bc0a9ed5a55,-1,7.411519637884203,True,hemisphere,0.007999999949236933,3140
0.06036927926631201,0.06732734471351316,8.415918091955898,1.2986463435734836,A08,P_low,0.6065561398863792,min,,1.6864823256767785,True,0.0071184008891863665,0.000992674065816728,0.16191458727906502,0.7547450698744076,1.0173093518743657,0.008,3.2875243326235815e-10,aa175788717ab312a71a326f8688f1c4849287e1349c6357697e2bc0a9ed5a55,1,7.411519637884203,True,hemisphere,0.00799999999736998,3140
0.07623370433703491,0.08123451648063214,10.154314579797541,1.2986463435734836,A08,P_low,0.6096788607537746,max,,1.6864823256767785,True,0.007544566451460386,0.0009937566676406597,0.16880021154174824,0.7804847110881225,1.0605717291168042,0.008,1.9418863218823024e-09,aa175788717ab312a71a326f8688f1c4849287e1349c6357697e2bc0a9ed5a55,-1,9.62494287806139,True,hemisphere,0.00799999998446491,3140
0.07558688417321377,0.08498932027485347,10.623665037488575,1.2986463435734836,A08,P_low,0.6083860462531447,max,,1.6864823256767785,True,0.007505510314767545,0.0009998264855857412,0.16774248149014828,0.7511114042074193,1.0539260112026017,0.008,2.9480324431618854e-10,aa175788717ab312a71a326f8688f1c4849287e1349c6357697e2bc0a9ed5a55,1,9.62494287806139,True,hemisphere,0.007999999997641574,3140
0.028062512543381875,0.030881736375068754,7.720434099174649,1.5226486702688071,A09,P_low,0.5615483848378062,min,,2.3184589730713667,True,0.006828619953265806,0.0009933367740893237,0.15047025725534516,0.7839384521367393,0.9454046263353337,0.004,7.004089148943127e-10,30ba7226b0e940edfb29651731e78a1f989a32044dbd3ab68ecdba18567b1af9,-1,7.205133037632641,True,hemisphere,0.003999999997198364,3614
0.02894344092194482,0.03133444075275273,7.8336102158210705,1.5226486702688071,A09,P_low,0.5559252724051476,min,,2.3184589730713667,True,0.006799108237467411,0.0009858690023981384,0.14741241949016554,0.7726667581581316,0.9261922316567102,0.004,3.527478005874163e-09,30ba7226b0e940edfb29651731e78a1f989a32044dbd3ab68ecdba18567b1af9,1,7.205133037632641,True,hemisphere,0.003999999985890088,3614
0.04394874855793471,0.04169341012502588,10.423352535889741,1.5226486702688071,A09,P_low,0.5537534635514021,max,,2.3184589730713667,True,0.007629613178982345,0.000998879346357235,0.15047025725534516,0.7839384521367393,0.9454046263353337,0.004,4.445087960908145e-10,30ba7226b0e940edfb29651731e78a1f989a32044dbd3ab68ecdba18567b1af9,-1,10.970886238861192,True,hemisphere,0.003999999998221965,3614
0.04341015878704229,0.03869251582691428,9.673128962750026,1.5226486702688071,A09,P_low,0.5487697618082166,max,,2.3184589730713667,True,0.0075375297551054645,0.0009990001304028802,0.14969010667566238,0.7746886190328465,0.9405029402431868,0.004,6.224931594495109e-10,30ba7226b0e940edfb29651731e78a1f989a32044dbd3ab68ecdba18567b1af9,1,10.970886238861192,True,hemisphere,0.0039999999975100274,3614
0.05548050832036929,0.06298269575055859,7.87283696996391,1.5226486702688071,A09,P_low,0.6178887030109763,min,,2.3184589730713667,True,0.006828619953265806,0.000999974399357595,0.15047025725534516,0.7839384521367393,0.9454046263353337,0.008,1.453206045082256e-10,30ba7226b0e940edfb29651731e78a1f989a32044dbd3ab68ecdba18567b1af9,-1,7.205133037632641,True,hemisphere,0.007999999998837435,3614
0.05924317625949194,0.06163571105537963,7.704463896915706,1.5226486702688071,A09,P_low,0.599802179262042,min,,2.3184589730713667,True,0.006846542091148196,0.0009877600878827992,0.1444647673380982,0.7611609106334174,0.9076721331852711,0.008,1.9460474898203017e-09,30ba7226b0e940edfb29651731e78a1f989a32044dbd3ab68ecdba18567b1af9,1,7.205133037632641,True,hemisphere,0.00799999998443162,3614
0.08784220025771874,0.08605071605344862,10.756339506681083,1.5226486702688071,A09,P_low,0.5947299674153328,max,,2.3184589730713667,True,0.007629613178982345,0.000998879346357235,0.15047025725534516,0.7839384521367393,0.9454046263353337,0.008,6.505213034913027e-16,30ba7226b0e940edfb29651731e78a1f989a32044dbd3ab68ecdba18567b1af9,-1,10.970886238861192,True,hemisphere,0.007999999999999995,3614
0.08558696543205378,0.08522142570811964,10.652678213779781,1.5226486702688071,A09,P_low,0.6091533927246928,max,,2.3184589730713667,True,0.0075375297551054645,0.0009990001304028802,0.1488035784934737,0.7626200385799505,0.9349328836744952,0.008,2.4860105293789125e-11,30ba7226b0e940edfb29651731e78a1f989a32044dbd3ab68ecdba18567b1af9,1,10.970886238861192,True,hemisphere,0.00799999999980112,3614
0.03629211430117553,0.03682711053785923,9.206777638376467,1.6665019222318618,A10,P_low,0.5612049764022231,min,,2.77722865680249,True,0.0038115354307600535,0.0009947175397169257,0.09541171321299101,0.5514569529487381,0.5994717941172225,0.004,4.248673895340671e-10,6fabcece8dc4949814c9fc02272396fd9493fb5708d991f41c3082996ab58ed4,-1,9.272990097868371,True,hemisphere,0.0039999999983005305,4000
0.037040316600487774,0.03720876581603228,9.30219153781204,1.6665019222318618,A10,P_low,0.5568039007484913,min,,2.77722865680249,True,0.0037305203793809487,0.0009893745761120622,0.09455619747215824,0.5474440106191087,0.5940965887175702,0.004,9.009056738465415e-09,6fabcece8dc4949814c9fc02272396fd9493fb5708d991f41c3082996ab58ed4,1,9.272990097868371,True,hemisphere,0.003999999963963773,4000
0.06166587335156341,0.058618910239577875,14.654727562243039,1.6665019222318618,A10,P_low,0.5488582001999021,max,,2.77722865680249,True,0.0076535295838484774,0.0009945904031582907,0.09541171321299101,0.5514569529487381,0.5994717941172225,0.004,1.6026025992377235e-10,6fabcece8dc4949814c9fc02272396fd9493fb5708d991f41c3082996ab58ed4,-1,15.453455822934659,True,hemisphere,0.003999999999358959,4000
0.061687231696450774,0.06301319935673605,15.753299841651241,1.6665019222318618,A10,P_low,0.5507086804136634,max,,2.77722865680249,True,0.007559782518541164,0.0009999308272636168,0.09376834946392149,0.5463574246612735,0.5891465396818187,0.004,1.5661669010291757e-10,6fabcece8dc4949814c9fc02272396fd9493fb5708d991f41c3082996ab58ed4,1,15.453455822934659,True,hemisphere,0.003999999999373533,4000
0.07371378829376225,0.07406885388831957,9.258606844111958,1.6665019222318618,A10,P_low,0.6100473031401634,min,,2.77722865680249,True,0.0038115354307600535,0.0009947175397169257,0.09541171321299101,0.5514569529487381,0.5994717941172225,0.008,1.1672599735737532e-08,6fabcece8dc4949814c9fc02272396fd9493fb5708d991f41c3082996ab58ed4,-1,9.272990097868371,True,hemisphere,0.007999999906619202,4000
0.07500478842472104,0.07508469546423538,9.385586974552993,1.6665019222318618,A10,P_low,0.6065487051382661,min,,2.77722865680249,True,0.0037305203793809487,0.0009909914914057341,0.09375125271317172,0.5437364851700854,0.5890391207968579,0.008,4.424184759863059e-09,6fabcece8dc4949814c9fc02272396fd9493fb5708d991f41c3082996ab58ed4,1,9.272990097868371,True,hemisphere,0.007999999964606522,4000
0.12289398800653817,0.11682836751488936,14.603545957103396,1.6665019222318618,A10,P_low,0.5954579170793295,max,,2.77722865680249,True,0.0076812867366540805,0.0009948800262644813,0.09541171321299101,0.5514569529487381,0.5994717941172225,0.008,1.2149259463051232e-09,6fabcece8dc4949814c9fc02272396fd9493fb5708d991f41c3082996ab58ed4,-1,15.453455822934659,True,hemisphere,0.007999999990280593,4000
0.12326543324691952,0.12182923274241471,15.22865411299438,1.6665019222318618,A10,P_low,0.60772421117872,max,,2.77722865680249,True,0.007559782518541164,0.0009999308272636168,0.09228010937133317,0.5407230097145596,0.5797959271800863,0.008,1.3259571392254532e-09,6fabcece8dc4949814c9fc02272396fd9493fb5708d991f41c3082996ab58ed4,1,15.453455822934659,True,hemisphere,0.007999999989392343,4000
0.04338333335223276,0.0432009067515163,10.800226691408549,1.3636996320451664,A11,P_low,0.5500012170523405,min,,1.8596766864401222,True,0.007137526031394265,0.000994029721911719,0.1223517499477822,0.5261753941758175,0.7687360449219156,0.004,3.267963157027598e-10,91c91d9f98fc59ed4b2aeecd286fdc2a09e3fe7c3c138a8dff0be3457621428a,-1,11.01273721089527,True,hemisphere,0.003999999998692815,4423
0.043232125055037936,0.04271953916335158,10.679884845818759,1.3636996320451664,A11,P_low,0.553873791359365,min,,1.8596766864401222,True,0.0070397450961898166,0.0009826278631913426,0.1202741967190509,0.532750833118027,0.7556827779857969,0.004,5.148076409611235e-09,91c91d9f98fc59ed4b2aeecd286fdc2a09e3fe7c3c138a8dff0be3457621428a,1,11.01273721089527,True,hemisphere,0.0039999999794076944,4423
0.06023098946093468,0.05693605839593377,14.234014614622332,1.3636996320451664,A11,P_low,0.5609543956816196,max,,1.8596766864401222,True,0.007012616537956525,0.0009971971806650665,0.12180465529723383,0.5218399550438921,0.7652986492325202,0.004,1.0986983892125046e-09,91c91d9f98fc59ed4b2aeecd286fdc2a09e3fe7c3c138a8dff0be3457621428a,-1,15.018065682307993,True,hemisphere,0.0039999999956052065,4423
0.05941624535016917,0.04898062951401172,12.24515745385993,1.3636996320451664,A11,P_low,0.5526789668947458,max,,1.8596766864401222,True,0.007175158532865359,0.000996636636392973,0.1223517499477822,0.532750833118027,0.7687360449219156,0.004,6.1540245555741224e-09,91c91d9f98fc59ed4b2aeecd286fdc2a09e3fe7c3c138a8dff0be3457621428a,1,15.018065682307993,True,hemisphere,0.003999999975383902,4423
0.08685313020205283,0.08723144171457983,10.903930287355822,1.3636996320451664,A11,P_low,0.6092313649132848,min,,1.8596766864401222,True,0.007231223169720219,0.000994029721911719,0.1223517499477822,0.5188499643804302,0.7687360449219156,0.008,6.697891590315419e-09,91c91d9f98fc59ed4b2aeecd286fdc2a09e3fe7c3c138a8dff0be3457621428a,-1,11.01273721089527,True,hemisphere,0.007999999946416867,4423
0.08640945573697878,0.08486389979677561,10.607987479427653,1.3636996320451664,A11,P_low,0.6156372968107462,min,,1.8596766864401222,True,0.0070397450961898166,0.0009826278631913426,0.11821212281557959,0.532750833118027,0.7427267676502867,0.008,4.553833438808441e-10,91c91d9f98fc59ed4b2aeecd286fdc2a09e3fe7c3c138a8dff0be3457621428a,1,11.01273721089527,True,hemisphere,0.007999999996356933,4423
0.10562523523516162,0.10406432926283977,13.00804117843298,1.3636996320451664,A11,P_low,0.6200309842824936,max,,1.8596766864401222,True,0.007012616537956525,0.0009971971806650665,0.12123048322031205,0.5154269576416453,0.7616911260732206,0.008,1.5819452952453572e-09,91c91d9f98fc59ed4b2aeecd286fdc2a09e3fe7c3c138a8dff0be3457621428a,-1,15.018065682307993,True,hemisphere,0.007999999987344438,4423
0.11748467004470783,0.10780326382587449,13.475407981893989,1.3636996320451664,A11,P_low,0.5953444680199027,max,,1.8596766864401222,True,0.007175158532865359,0.000996636636392973,0.1223517499477822,0.532750833118027,0.7687360449219156,0.008,2.715820190263285e-10,91c91d9f98fc59ed4b2aeecd286fdc2a09e3fe7c3c138a8dff0be3457621428a,1,15.018065682307993,True,hemisphere,0.007999999997827344,4423
0.03125556776751518,0.03575980872198615,8.93995218185901,1.1209501674133333,A12,P_low,0.5523502929136157,min,,1.2565292778239798,True,0.006938088677334824,0.0009945088747695297,0.1922835207719976,0.7634101217312662,1.208117361010461,0.004,1.524026130989009e-10,9d1d80536d64d76a09d5644c8f7345ca02cdf2a4e9138459ea3e1177ddee0fed,-1,7.835737221528688,True,hemisphere,0.00399999999939039,4797
0.031050293490695602,0.035063427511203483,8.765856927384107,1.1209501674133333,A12,P_low,0.5616349373012781,min,,1.2565292778239798,True,0.006848523804016173,0.0009958045946793297,0.1909935826031371,0.7747632716555326,1.2000126794955104,0.004,5.6564048150214985e-09,9d1d80536d64d76a09d5644c8f7345ca02cdf2a4e9138459ea3e1177ddee0fed,1,7.835737221528688,True,hemisphere,0.003999999977374381,4797
0.03537219670556511,0.03518032588874839,8.795081474331898,1.1209501674133333,A12,P_low,0.5554893333464861,max,,1.2565292778239798,True,0.007315487365455994,0.0009983226075584006,0.18912722427293577,0.7584653596953349,1.1882863501068555,0.004,2.438635231249986e-10,9d1d80536d64d76a09d5644c8f7345ca02cdf2a4e9138459ea3e1177ddee0fed,-1,8.78347095027947,True,hemisphere,0.003999999999024546,4797
0.03485584493165555,0.037291242349066535,9.322810639316215,1.1209501674133333,A12,P_low,0.5550697762519121,max,,1.2565292778239798,True,0.005584812367977031,0.0007546210289483029,0.1922835207719976,0.7747632716555326,1.208117361010461,0.004,5.583035336126363e-09,9d1d80536d64d76a09d5644c8f7345ca02cdf2a4e9138459ea3e1177ddee0fed,1,8.78347095027947,True,hemisphere,0.003999999977667859,4797
0.06268549520654992,0.07224471647634056,9.030589617819613,1.1209501674133333,A12,P_low,0.6110808858647943,min,,1.2565292778239798,True,0.006992549898523589,0.0009965040585996337,0.1922835207719976,0.7519255767989071,1.208117361010461,0.008,6.45329319495791e-09,9d1d80536d64d76a09d5644c8f7345ca02cdf2a4e9138459ea3e1177ddee0fed,-1,7.835737221528688,True,hemisphere,0.007999999948373655,4797
0.06185856789795062,0.06947536078347077,8.684420100362221,1.1209501674133333,A12,P_low,0.6308020716533065,min,,1.2565292778239798,True,0.006848523804016173,0.0009958045946793297,0.18976100674044588,0.7747632716555326,1.1922684053502215,0.008,2.79624197060957e-10,9d1d80536d64d76a09d5644c8f7345ca02cdf2a4e9138459ea3e1177ddee0fed,1,7.835737221528688,True,hemisphere,0.007999999997763007,4797
0.07132203638418193,0.07094234643285464,8.867793352691328,1.1209501674133333,A12,P_low,0.6038239486515522,max,,1.2565292778239798,True,0.007315487365455994,0.0009983226075584006,0.18601612024847256,0.7420907756819477,1.1687392835211532,0.008,5.478758289059749e-09,9d1d80536d64d76a09d5644c8f7345ca02cdf2a4e9138459ea3e1177ddee0fed,-1,8.78347095027947,True,hemisphere,0.007999999956169934,4797
0.06974949588173175,0.06579738864953805,8.224673581449016,1.1209501674133333,A12,P_low,0.6097097070887685,max,,1.2565292778239798,True,0.007193020841035233,0.0009477621432041342,0.1922835207719976,0.7747632716555326,1.208117361010461,0.008,3.121830051411312e-11,9d1d80536d64d76a09d5644c8f7345ca02cdf2a4e9138459ea3e1177ddee0fed,1,8.78347095027947,True,hemisphere,0.007999999999750254,4797
0.024872010500257887,0.02825579335826895,7.063948346851864,1.203969367331329,A13,P_low,0.5697212442755699,min,,1.4495422374722005,True,0.006471677288965385,0.0009948215320633507,0.23629214277804705,0.9346214241813395,1.4846235330744697,0.004,1.03123998056176e-09,9319916ef23b57768f676ef07ab6c6f225418628acd5ead3b997120f0a5f1f5d,-1,6.2735887748354395,True,hemisphere,0.00399999999587504,5208
0.025126935825447203,0.030139612072689677,7.534903076122675,1.203969367331329,A13,P_low,0.5522740008309484,min,,1.4495422374722005,True,0.00648686623776359,0.0009992736977156148,0.23444765750419472,0.9399979511843759,1.4730346320988554,0.004,7.69090932432881e-09,9319916ef23b57768f676ef07ab6c6f225418628acd5ead3b997120f0a5f1f5d,1,6.2735887748354395,True,hemisphere,0.003999999969236363,5208
0.030057958504549828,0.02793058696196479,6.982646761270239,1.203969367331329,A13,P_low,0.5592391360551119,max,,1.4495422374722005,True,0.007345466054509555,0.0009910269073292808,0.23339725192002977,0.9260385935228881,1.4664349338135472,0.004,2.9758116543848745e-09,9319916ef23b57768f676ef07ab6c6f225418628acd5ead3b997120f0a5f1f5d,-1,7.553208708135552,True,hemisphere,0.0039999999880967535,5208
0.030060775266212383,0.02616370087089031,6.540925330196607,1.203969367331329,A13,P_low,0.5615237150341272,max,,1.4495422374722005,True,0.007371344885184519,0.0009997283728458116,0.23629214277804705,0.9399979511843759,1.4846235330744697,0.004,1.7195430843108817e-08,9319916ef23b57768f676ef07ab6c6f225418628acd5ead3b997120f0a5f1f5d,1,7.553208708135552,True,hemisphere,0.003999999931218277,5208
0.04961735749196118,0.05708673711579529,7.135842146716906,1.203969367331329,A13,P_low,0.6173153184354305,min,,1.4495422374722005,True,0.0066576403345087005,0.0009948215320633507,0.23629214277804705,0.9292083739006257,1.4846235330744697,0.008,1.0149461566327789e-09,9319916ef23b57768f676ef07ab6c6f225418628acd5ead3b997120f0a5f1f5d,-1,6.2735887748354395,True,hemisphere,0.007999999991880431,5208
0.05048568253565042,0.06408818427543522,8.011023038689238,1.203969367331329,A13,P_low,0.6097487788647413,min,,1.4495422374722005,True,0.006489860215182678,0.0009997952350927583,0.23242211928523154,0.9399979511843759,1.4603081754691098,0.008,5.317467386550812e-10,9319916ef23b57768f676ef07ab6c6f225418628acd5ead3b997120f0a5f1f5d,1,6.2735887748354395,True,hemisphere,0.007999999995746026,5208
0.06040550412201032,0.0565169251564213,7.0646156450814575,1.203969367331329,A13,P_low,0.6129615558311343,max,,1.4495422374722005,True,0.007345466054509555,0.0009910269073292808,0.2304400544639076,0.911631483919096,1.4478548621967315,0.008,7.485114958405426e-11,9319916ef23b57768f676ef07ab6c6f225418628acd5ead3b997120f0a5f1f5d,-1,7.553208708135552,True,hemisphere,0.007999999999401191,5208
0.060018609998682845,0.05798175743732366,7.247719688169361,1.203969367331329,A13,P_low,0.6146960267797112,max,,1.4495422374722005,True,0.007404447605956987,0.0009997283728458116,0.23629214277804705,0.9399979511843759,1.4846235330744697,0.008,1.1733212058190334e-09,9319916ef23b57768f676ef07ab6c6f225418628acd5ead3b997120f0a5f1f5d,1,7.553208708135552,True,hemisphere,0.00799999999061343,5208
0.0281758216809043,0.02931197362531499,7.327993503031225,1.1578196791938096,A14,P_low,0.5636333441361785,min,,1.3405464095284563,True,0.008357297099364364,0.000997822052868603,0.2442343829133749,1.0250874658873028,1.5345246278447346,0.004,1.3196310580734782e-08,5d95c0ce8159e3343c3d84c5ffc971d23e8ae294e74800ad726ec9d27f49a4fd,-1,7.166426545425954,True,hemisphere,0.003999999947214758,5595
0.02872770617259349,0.029381431955794454,7.345357990775248,1.1578196791938096,A14,P_low,0.5562984496355057,min,,1.3405464095284563,True,0.008365040738979299,0.0009907643133116163,0.24043221225074426,1.0191114515170558,1.5106355895714263,0.004,2.486788986538757e-10,5d95c0ce8159e3343c3d84c5ffc971d23e8ae294e74800ad726ec9d27f49a4fd,1,7.166426545425954,True,hemisphere,0.0039999999990052845,5595
0.032894277542119384,0.03304282874193634,8.260707201943973,1.1578196791938096,A14,P_low,0.5551421362906694,max,,1.3405464095284563,True,0.00833886993641628,0.0009945433476097598,0.24415359088574753,1.0249297260432628,1.534017011535152,0.004,1.9925517399238535e-09,5d95c0ce8159e3343c3d84c5ffc971d23e8ae294e74800ad726ec9d27f49a4fd,-1,8.29742968379108,True,hemisphere,0.003999999992029793,5595
0.03319677147724168,0.03118069971788293,7.795174972381807,1.1578196791938096,A14,P_low,0.5545571614056826,max,,1.3405464095284563,True,0.008414499025129318,0.0009982809764318358,0.2442343829133749,1.0250874658873028,1.5345246278447346,0.004,5.504825111371514e-09,5d95c0ce8159e3343c3d84c5ffc971d23e8ae294e74800ad726ec9d27f49a4fd,1,8.29742968379108,True,hemisphere,0.0039999999779807,5595
0.05634224267172917,0.056392858772502316,7.049107362502671,1.1578196791938096,A14,P_low,0.605888701044023,min,,1.3405464095284563,True,0.008357297099364364,0.000997822052868603,0.2442343829133749,1.0250874658873028,1.5345246278447346,0.008,2.2612623579165714e-09,5d95c0ce8159e3343c3d84c5ffc971d23e8ae294e74800ad726ec9d27f49a4fd,-1,7.166426545425954,True,hemisphere,0.007999999981909901,5595
0.05790442656349369,0.05886420266872156,7.358025384520474,1.1578196791938096,A14,P_low,0.6057453043758869,min,,1.3405464095284563,True,0.008406645941394258,0.0009931439043553993,0.23665354085695833,1.0128826388637646,1.4868941972042693,0.008,6.921731850878521e-09,5d95c0ce8159e3343c3d84c5ffc971d23e8ae294e74800ad726ec9d27f49a4fd,1,7.166426545425954,True,hemisphere,0.007999999944626145,5595
0.06532225383379349,0.06585148643107917,8.231435859715493,1.1578196791938096,A14,P_low,0.6171994311735034,max,,1.3405464095284563,True,0.00833886993641628,0.0009945433476097598,0.24407905133867297,1.0246627450208516,1.5335486795608824,0.008,6.782607244945615e-09,5d95c0ce8159e3343c3d84c5ffc971d23e8ae294e74800ad726ec9d27f49a4fd,-1,8.29742968379108,True,hemisphere,0.007999999945739142,5595
0.06635606235764913,0.06534638218437072,8.168297775414008,1.1578196791938096,A14,P_low,0.6088633881881833,max,,1.3405464095284563,True,0.008440389662681905,0.0009993289299150814,0.2442343829133749,1.0250874658873028,1.5345246278447346,0.008,2.898605834522616e-10,5d95c0ce8159e3343c3d84c5ffc971d23e8ae294e74800ad726ec9d27f49a4fd,1,8.29742968379108,True,hemisphere,0.007999999997681115,5595
0.03022651114519892,0.03106179003755702,7.765447537786943,1.556498223750012,A00,P_mid,0.5551366377621889,min,,2.4226867205369422,True,0.008301839817660858,0.000994370209613901,0.2732956764940972,0.7232997717033954,1.7171167354124128,0.004,3.656928709502849e-09,52543205df2578a0601df9f534fa68a1d1265f4ddce5fe897b713bfac8dbb2df,-1,7.651348766803433,True,hemisphere,0.003999999985372285,1
0.03066980892418968,0.03130514049464561,7.826285226696032,1.556498223750012,A00,P_mid,0.5472840694710612,min,,2.4226867205369422,True,0.008386056038462335,0.000996977390589508,0.27344120180262754,0.723898918696724,1.718031070925909,0.004,1.3165202435161394e-08,52543205df2578a0601df9f534fa68a1d1265f4ddce5fe897b713bfac8dbb2df,1,7.651348766803433,True,hemisphere,0.00399999994733919,1
0.04775451909601378,0.04597816474685612,11.494541321625135,1.556498223750012,A00,P_mid,0.5457758530974388,max,,2.4226867205369422,True,0.008405368710692576,0.0009940375862898178,0.26980308100436895,0.7237341729633548,1.6951727579504503,0.004,1.1736971637643645e-08,52543205df2578a0601df9f534fa68a1d1265f4ddce5fe897b713bfac8dbb2df,-1,11.909310764821386,True,hemisphere,0.0039999999530521135,1
0.047032610314424225,0.04606899026410054,11.51724760528469,1.556498223750012,A00,P_mid,0.5608177753165364,max,,2.4226867205369422,True,0.008447375144516347,0.0009978333022178153,0.27344120180262754,0.723898918696724,1.718031070925909,0.004,3.4087619879552555e-09,52543205df2578a0601df9f534fa68a1d1265f4ddce5fe897b713bfac8dbb2df,1,11.909310764821386,True,hemisphere,0.003999999986364952,1
0.060398068318660306,0.0626511839469372,7.831398042213724,1.556498223750012,A00,P_mid,0.5972361220046878,min,,2.4226867205369422,True,0.008301839817660858,0.0009956640609126435,0.27300774344097317,0.7223834705205981,1.7153076520396346,0.008,6.237273935186249e-09,52543205df2578a0601df9f534fa68a1d1265f4ddce5fe897b713bfac8dbb2df,-1,7.651348766803433,True,hemisphere,0.007999999950101809,1
0.06169725416065455,0.06272253051802575,7.840316318210756,1.556498223750012,A00,P_mid,0.6113160336390138,min,,2.4226867205369422,True,0.008433281451494079,0.0009986241589710052,0.27344120180262754,0.723898918696724,1.718031070925909,0.008,4.409946800093545e-10,52543205df2578a0601df9f534fa68a1d1265f4ddce5fe897b713bfac8dbb2df,1,7.651348766803433,True,hemisphere,0.007999999996472043,1
0.09542325339964218,0.09009858975880912,11.262323751441649,1.556498223750012,A00,P_mid,0.603836216032505,max,,2.4226867205369422,True,0.008405368710692576,0.0009940375862898178,0.266292488337712,0.7235160495332341,1.6731157042258447,0.008,2.8049726170237266e-09,52543205df2578a0601df9f534fa68a1d1265f4ddce5fe897b713bfac8dbb2df,-1,11.909310764821386,True,hemisphere,0.00799999997756022,1
0.09317650250348714,0.09192044692928517,11.49005586883227,1.556498223750012,A00,P_mid,0.6197687769308686,max,,2.4226867205369422,True,0.008447375144516347,0.0009978333022178153,0.27344120180262754,0.7238624013150093,1.718031070925909,0.008,2.325162631877653e-10,52543205df2578a0601df9f534fa68a1d1265f4ddce5fe897b713bfac8dbb2df,1,11.909310764821386,True,hemisphere,0.00799999999813987,1
0.01996743323660774,0.020383470651282713,5.095867774869454,1.5234129654928672,A01,P_mid,0.5715097719803452,min,,2.3207870634317715,True,0.007174882305812269,0.0009863535041096882,0.3495901507157801,0.7524742352938613,2.1964749169472464,0.004,2.198816389381575e-08,7188ed8c12872035609c6c4c15b5e70af3eaaf2459f604cdf0cb45df92bcc159,-1,5.005190239556922,True,hemisphere,0.0039999999120473445,399
0.019415464664884644,0.020065633829259525,5.016408479208143,1.5234129654928672,A01,P_mid,0.5597114339470863,min,,2.3207870634317715,True,0.0070910864314797095,0.0009843351693820041,0.3495096497372512,0.7551529334272338,2.1959691292991494,0.004,4.364329861047955e-09,7188ed8c12872035609c6c4c15b5e70af3eaaf2459f604cdf0cb45df92bcc159,1,5.005190239556922,True,hemisphere,0.003999999982542681,399
0.030280944689753533,0.025880907295290197,6.470226824370506,1.5234129654928672,A01,P_mid,0.5514678219333291,max,,2.3207870634317715,True,0.007062361954063524,0.000999033562876469,0.3495901507157801,0.7551529334272338,2.1964749169472464,0.004,8.468898325675323e-11,7188ed8c12872035609c6c4c15b5e70af3eaaf2459f604cdf0cb45df92bcc159,-1,7.624971705699364,True,hemisphere,0.003999999999661244,399
0.03060560304879287,0.02757734366215612,6.894336076447156,1.5234129654928672,A01,P_mid,0.5653383620083332,max,,2.3207870634317715,True,0.0070216743948126135,0.0009982426397098104,0.3478713935736343,0.7529543640610948,2.1856759658231444,0.004,2.3339176511566473e-08,7188ed8c12872035609c6c4c15b5e70af3eaaf2459f604cdf0cb45df92bcc159,1,7.624971705699364,True,hemisphere,0.003999999906643294,399
0.04050395065159978,0.04105759466427916,5.132199359788879,1.5234129654928672,A01,P_mid,0.6111683966591954,min,,2.3207870634317715,True,0.007260343445950581,0.0009902462319203269,0.3495901507157801,0.7496957364937363,2.1964749169472464,0.008,5.212966560155796e-09,7188ed8c12872035609c6c4c15b5e70af3eaaf2459f604cdf0cb45df92bcc159,-1,5.005190239556922,True,hemisphere,0.007999999958296268,399
0.03821989040946236,0.039772591730282573,4.971573968211349,1.5234129654928672,A01,P_mid,0.6133442288264632,min,,2.3207870634317715,True,0.0070910864314797095,0.0009843351693820041,0.34941866560443224,0.7551529334272338,2.195397475992648,0.008,3.8740798763425843e-10,7188ed8c12872035609c6c4c15b5e70af3eaaf2459f604cdf0cb45df92bcc159,1,5.005190239556922,True,hemisphere,0.007999999996900736,399
0.06012929066599097,0.05369058681291197,6.711323362209365,1.5234129654928672,A01,P_mid,0.5991389667615294,max,,2.3207870634317715,True,0.007083123620419621,0.0009995411071087497,0.3495901507157801,0.7551529334272338,2.1964749169472464,0.008,1.5787302021230687e-09,7188ed8c12872035609c6c4c15b5e70af3eaaf2459f604cdf0cb45df92bcc159,-1,7.624971705699364,True,hemisphere,0.007999999987370159,399
0.06145755645023841,0.0549678128385644,6.870976609343129,1.5234129654928672,A01,P_mid,0.6096332306042314,max,,2.3207870634317715,True,0.0070216743948126135,0.0009982426397098104,0.34617117659642876,0.7506691336002977,2.174993502555362,0.008,6.582148021072598e-10,7188ed8c12872035609c6c4c15b5e70af3eaaf2459f604cdf0cb45df92bcc159,1,7.624971705699364,True,hemisphere,0.007999999994734282,399
0.009304900382001857,0.011647784565501688,2.9119461431623117,3.3718048126265945,A02,P_mid,0.560944152995944,min,,11.369067694451864,True,0.0032906765745201383,0.0009968035060809936,0.32877558463145784,0.6720619505025358,2.1223823204612677,0.004,6.136410823920357e-10,4904bb1b9e432e6d19e2abc867000e3a17a3bd8295257e1869708bce57ef8f5a,-1,2.3397145575325777,True,hemisphere,0.003999999997545436,773
0.009340152462779172,0.011689632621704854,2.922408155656496,3.3718048126265945,A02,P_mid,0.5863181222230196,min,,11.369067694451864,True,0.0033065370316868914,0.000997512953295763,0.32859757780077875,0.6748768527786098,2.116749265081266,0.004,7.879894653450847e-11,4904bb1b9e432e6d19e2abc867000e3a17a3bd8295257e1869708bce57ef8f5a,1,2.3397145575325777,True,hemisphere,0.003999999999684804,773
0.031804148059144596,0.03097225910107694,7.743064775398371,3.3718048126265945,A02,P_mid,0.5739567661657929,max,,11.369067694451864,True,0.007618769549041406,0.0009995828494772396,0.3272089802294401,0.6669146712250312,2.1094182311699408,0.004,1.6677631498041023e-11,4904bb1b9e432e6d19e2abc867000e3a17a3bd8295257e1869708bce57ef8f5a,-1,7.889060805260848,True,hemisphere,0.0039999999999332896,773
0.031205655814812466,0.030855315680679646,7.713829053175845,3.3718048126265945,A02,P_mid,0.5725407991558313,max,,11.369067694451864,True,0.007624758084812628,0.000998709736114766,0.32877558463145784,0.6748768527786098,2.1223823204612677,0.004,1.7242530537045497e-08,4904bb1b9e432e6d19e2abc867000e3a17a3bd8295257e1869708bce57ef8f5a,1,7.889060805260848,True,hemisphere,0.003999999931029878,773
0.01856669832020966,0.023268278823865247,2.908534857181462,3.3718048126265945,A02,P_mid,0.6303216489031911,min,,11.369067694451864,True,0.0032906765745201383,0.0009968035060809936,0.32877558463145784,0.6692462653516682,2.1223823204612677,0.008,1.443443671880762e-09,4904bb1b9e432e6d19e2abc867000e3a17a3bd8295257e1869708bce57ef8f5a,-1,2.3397145575325777,True,hemisphere,0.00799999998845245,773
0.018714185290027188,0.02340115738696784,2.9251447056755033,3.3718048126265945,A02,P_mid,0.6272417986765504,min,,11.369067694451864,True,0.003318107897852957,0.000998418202556519,0.32842442309198916,0.6748768527786098,2.1112004110276303,0.008,1.1043735153801193e-08,4904bb1b9e432e6d19e2abc867000e3a17a3bd8295257e1869708bce57ef8f5a,1,2.3397145575325777,True,hemisphere,0.007999999911650119,773
0.06419154858514903,0.06212663840224396,7.765829800290846,3.3718048126265945,A02,P_mid,0.6324906460940838,max,,11.369067694451864,True,0.007618769549041406,0.000999835927631711,0.32565130670473835,0.65865238236162,2.0963574630224824,0.008,1.3329181508536792e-12,4904bb1b9e432e6d19e2abc867000e3a17a3bd8295257e1869708bce57ef8f5a,-1,7.889060805260848,True,hemisphere,0.007999999999989337,773
0.06163529327562077,0.061413792117895424,7.676724019093555,3.3718048126265945,A02,P_mid,0.6417826348915696,max,,11.369067694451864,True,0.007624758084812628,0.000998709736114766,0.32877558463145784,0.6748768527786098,2.1223823204612677,0.008,5.675113157188605e-10,4904bb1b9e432e6d19e2abc867000e3a17a3bd8295257e1869708bce57ef8f5a,1,7.889060805260848,True,hemisphere,0.00799999999545991,773
0.011376257309481351,0.015944242583430617,3.986060653388979,3.7605594964135354,A03,P_mid,0.584061399102211,min,,14.141807726066022,True,0.003197594491000017,0.0009850501871728316,0.30185830680502396,0.5370276245389263,1.8965757416559657,0.004,1.8894154903831284e-09,b5ee09858df9f1e0e83e50749923a56a9176be8b08b2d964df02e985ac36afc5,-1,2.89614984256621,True,hemisphere,0.003999999992442338,1172
0.011502159206560792,0.016131724157547767,4.032931041515893,3.7605594964135354,A03,P_mid,0.5851247813552618,min,,14.141807726066022,True,0.003227752450239152,0.0009861363652128503,0.3006368660564739,0.5363727060179972,1.8889014294328255,0.004,5.278919662510262e-10,b5ee09858df9f1e0e83e50749923a56a9176be8b08b2d964df02e985ac36afc5,1,2.89614984256621,True,hemisphere,0.003999999997888432,1172
0.043930301944015974,0.04648438427251886,11.621096073413435,3.7605594964135354,A03,P_mid,0.5808219313621521,max,,14.141807726066022,True,0.007494264526861899,0.0009919334607065844,0.29861719273380566,0.5251738547203557,1.876211821946501,0.004,4.546662525639622e-10,b5ee09858df9f1e0e83e50749923a56a9176be8b08b2d964df02e985ac36afc5,-1,10.891143793498927,True,hemisphere,0.003999999998181335,1172
0.042542970970234226,0.04539863095889693,11.349657882272176,3.7605594964135354,A03,P_mid,0.5766774090006948,max,,14.141807726066022,True,0.007455338972274568,0.00099471802105274,0.30185830680502396,0.5370276245389263,1.8965757416559657,0.004,1.255966879977477e-08,b5ee09858df9f1e0e83e50749923a56a9176be8b08b2d964df02e985ac36afc5,1,10.891143793498927,True,hemisphere,0.003999999949761325,1172
0.02260525667672805,0.03172970996870074,3.966213759442384,3.7605594964135354,A03,P_mid,0.6458710497245193,min,,14.141807726066022,True,0.003197594491000017,0.0009850501871728316,0.30185830680502396,0.5370276245389263,1.8965757416559657,0.008,3.367138599191799e-09,b5ee09858df9f1e0e83e50749923a56a9176be8b08b2d964df02e985ac36afc5,-1,2.89614984256621,True,hemisphere,0.007999999973062891,1172
0.0231452127668449,0.0324302100926564,4.053776262624448,3.7605594964135354,A03,P_mid,0.6257693506777287,min,,14.141807726066022,True,0.0032495114255729094,0.0009881154192209769,0.299430710445157,0.5357050035467,1.8813231537269215,0.008,2.5714239765273206e-10,b5ee09858df9f1e0e83e50749923a56a9176be8b08b2d964df02e985ac36afc5,1,2.89614984256621,True,hemisphere,0.007999999997942861,1172
0.0895064055522092,0.09443225111160167,11.804031389393536,3.7605594964135354,A03,P_mid,0.6206916989758611,max,,14.141807726066022,True,0.0075283311683898525,0.0009938658977335746,0.295317877226436,0.5131199647749647,1.8554822226136976,0.008,3.7557413776201365e-11,b5ee09858df9f1e0e83e50749923a56a9176be8b08b2d964df02e985ac36afc5,-1,10.891143793498927,True,hemisphere,0.00799999999969954,1172
0.08338111638098654,0.08938177824004931,11.172722287667392,3.7605594964135354,A03,P_mid,0.6415372481569648,max,,14.141807726066022,True,0.007455338972274568,0.00099471802105274,0.30185830680502396,0.5370276245389263,1.8965757416559657,0.008,6.857084344780162e-10,b5ee09858df9f1e0e83e50749923a56a9176be8b08b2d964df02e985ac36afc5,1,10.891143793498927,True,hemisphere,0.007999999994514333,1172
0.0146825890013702,0.018172644661787724,4.543161193738465,4.022810856932688,A04,P_mid,0.577906402759254,min,,16.183007190655506,True,0.0035869811126365936,0.0009983569205309756,0.2685260867236082,0.42295186231641363,1.6871494028844305,0.004,6.227279325879409e-09,fd3b36691fe1779fd6a06a12fe28b19880aed9a4f54761ee9beff9495e778cfb,-1,3.6834314198895437,True,hemisphere,0.003999999975090883,1558
0.014755872481203915,0.019685473637420552,4.921368410977909,4.022810856932688,A04,P_mid,0.5749183334410191,min,,16.183007190655506,True,0.0035749926665594053,0.0009996073916178246,0.267285214418015,0.41866947039707264,1.6793530021883885,0.004,3.2973970776062345e-10,fd3b36691fe1779fd6a06a12fe28b19880aed9a4f54761ee9beff9495e778cfb,1,3.6834314198895437,True,hemisphere,0.003999999998681041,1558
0.059798559614009414,0.06438018112548524,16.095045335028725,4.022810856932688,A04,P_mid,0.586573681794107,max,,16.183007190655506,True,0.00771058082689377,0.0009918926858856144,0.2649030969379149,0.4098572038744237,1.6643861580609194,0.004,3.333784637238324e-09,fd3b36691fe1779fd6a06a12fe28b19880aed9a4f54761ee9beff9495e778cfb,-1,14.817747906698642,True,hemisphere,0.0039999999866648615,1558
0.05810854906060347,0.053975383676907546,13.493846179046674,4.022810856932688,A04,P_mid,0.5829150574281812,max,,16.183007190655506,True,0.007698882335402993,0.0009985547562513673,0.2685260867236082,0.42295186231641363,1.6871494028844305,0.004,1.9254687254333103e-08,fd3b36691fe1779fd6a06a12fe28b19880aed9a4f54761ee9beff9495e778cfb,1,14.817747906698642,True,hemisphere,0.003999999922981251,1558
0.029279276098561114,0.03730851355731953,4.663564194919492,4.022810856932688,A04,P_mid,0.6335738264024258,min,,16.183007190655506,True,0.0035963329268722927,0.0009983569205309756,0.2685260867236082,0.42295186231641363,1.6871494028844305,0.008,5.458285733117574e-11,fd3b36691fe1779fd6a06a12fe28b19880aed9a4f54761ee9beff9495e778cfb,-1,3.6834314198895437,True,hemisphere,0.007999999999563337,1558
0.029620639083641504,0.03841676868138144,4.802096085314136,4.022810856932688,A04,P_mid,0.6333817252889276,min,,16.183007190655506,True,0.0035749926665594053,0.0009999485892618638,0.26616404542065336,0.4147432899485373,1.6723086973779653,0.008,2.9457122505127664e-11,fd3b36691fe1779fd6a06a12fe28b19880aed9a4f54761ee9beff9495e778cfb,1,3.6834314198895437,True,hemisphere,0.007999999999764343,1558
0.12184370675581623,0.1314222586451139,16.427782333673807,4.022810856932688,A04,P_mid,0.6406843978911638,max,,16.183007190655506,True,0.00771058082689377,0.0009918926858856144,0.26121439480688685,0.39721495412092195,1.64121004257167,0.008,1.847218124989558e-10,fd3b36691fe1779fd6a06a12fe28b19880aed9a4f54761ee9beff9495e778cfb,-1,14.817747906698642,True,hemisphere,0.007999999998522226,1558
0.1138474596234294,0.11774119096191907,14.71764889098031,4.022810856932688,A04,P_mid,0.6402468355372548,max,,16.183007190655506,True,0.007698882335402993,0.0009985547562513673,0.2685260867236082,0.42295186231641363,1.6871494028844305,0.008,1.4092214808275605e-09,fd3b36691fe1779fd6a06a12fe28b19880aed9a4f54761ee9beff9495e778cfb,1,14.817747906698642,True,hemisphere,0.007999999988726228,1558
0.028014246314737208,0.030537966730918333,7.634491684022192,2.892766773603475,A05,P_mid,0.578886229544878,min,,8.36809960646426,True,0.007265474368238959,0.0009991322308859445,0.22791030218788993,0.34544602884891606,1.4319604286465126,0.004,1.6931183018098483e-10,766494dcc4482e7f1d6419cf16acd7d614733a0ee5c1a7799b37b5706ef758a5,-1,7.009611673194049,True,hemisphere,0.003999999999322753,1969
0.027976626449217685,0.028706800938661937,7.176700235447628,2.892766773603475,A05,P_mid,0.5851541366428137,min,,8.36809960646426,True,0.007022711529106667,0.0009979880988882411,0.22660733195325297,0.3311859253736202,1.4237738666622886,0.004,1.0898378553780841e-10,766494dcc4482e7f1d6419cf16acd7d614733a0ee5c1a7799b37b5706ef758a5,1,7.009611673194049,True,hemisphere,0.003999999999564065,1969
0.08103241737540666,0.09738169278630404,24.34542370226828,2.892766773603475,A05,P_mid,0.5739946523681283,max,,8.36809960646426,True,0.0071907043844037,0.0009655687247330511,0.22329112857031536,0.3423619002217021,1.4029381608072915,0.004,2.0771553531015452e-08,766494dcc4482e7f1d6419cf16acd7d614733a0ee5c1a7799b37b5706ef758a5,-1,20.277171744078807,True,hemisphere,0.003999999916913786,1969
0.07837596081857262,0.08300443552574528,20.75110896734523,2.892766773603475,A05,P_mid,0.5660086264833808,max,,8.36809960646426,True,0.007051636414930384,0.000996225127123936,0.22791030218788993,0.34544602884891606,1.4319604286465126,0.004,4.1399670150377155e-09,766494dcc4482e7f1d6419cf16acd7d614733a0ee5c1a7799b37b5706ef758a5,1,20.277171744078807,True,hemisphere,0.003999999983440132,1969
0.05600551190894102,0.060421625196440315,7.552703152021206,2.892766773603475,A05,P_mid,0.6128198299556971,min,,8.36809960646426,True,0.007265474368238959,0.0009997020819941674,0.22791030218788993,0.34544602884891606,1.4319604286465126,0.008,3.265276504044179e-10,766494dcc4482e7f1d6419cf16acd7d614733a0ee5c1a7799b37b5706ef758a5,-1,7.009611673194049,True,hemisphere,0.007999999997387779,1969
0.05311618033350267,0.058564662992892334,7.320582879016501,2.892766773603475,A05,P_mid,0.6286320155486465,min,,8.36809960646426,True,0.007022711529106667,0.0009979880988882411,0.2253826476473998,0.3180944841851961,1.416079175168613,0.008,6.700230648082339e-10,766494dcc4482e7f1d6419cf16acd7d614733a0ee5c1a7799b37b5706ef758a5,1,7.009611673194049,True,hemisphere,0.007999999994639816,1969
0.16446576285034106,0.19692955965160425,24.616195076054066,2.892766773603475,A05,P_mid,0.620121437124908,max,,8.36809960646426,True,0.007275666477465551,0.000968550531844815,0.21871342239296537,0.3402117751209399,1.3741764328950015,0.008,4.858733641116553e-09,766494dcc4482e7f1d6419cf16acd7d614733a0ee5c1a7799b37b5706ef758a5,-1,20.277171744078807,True,hemisphere,0.007999999961130131,1969
0.1533588960194673,0.20397754493478737,25.49719312618041,2.892766773603475,A05,P_mid,0.6232430189847946,max,,8.36809960646426,True,0.007051636414930384,0.0009971778754439675,0.22791030218788993,0.34544602884891606,1.4319604286465126,0.008,3.6600063257896664e-10,766494dcc4482e7f1d6419cf16acd7d614733a0ee5c1a7799b37b5706ef758a5,1,20.277171744078807,True,hemisphere,0.007999999997071995,1969
0.027197396781234444,0.029288442109082012,7.322110528605533,2.187583588699631,A06,P_mid,0.569630429148674,min,,4.785521957547957,True,0.006991820821225667,0.0009960085405952728,0.23466424335245753,0.4965537928114502,1.4743954409834907,0.004,1.823285446234113e-10,4017e71b39d090eb647e4729aa6dacacc27b4db5c46f8a42f194a212a67e09a2,-1,6.803994640790518,True,hemisphere,0.003999999999270686,2355
0.026911433518400227,0.029284908063762344,7.321227061253107,2.187583588699631,A06,P_mid,0.566109849140048,min,,4.785521957547957,True,0.0068492658420372075,0.0009929865898380057,0.2339217267832744,0.4847692222273151,1.469730209379313,0.004,6.189197591932594e-09,4017e71b39d090eb647e4729aa6dacacc27b4db5c46f8a42f194a212a67e09a2,1,6.803994640790518,True,hemisphere,0.00399999997524321,2355
0.05965461861770634,0.06550355827196269,16.37588958057655,2.187583588699631,A06,P_mid,0.5595369786024094,max,,4.785521957547957,True,0.007208316269809276,0.0009838483931140579,0.23070817512671568,0.4949090861030299,1.4495394643211548,0.004,7.685614297758825e-10,4017e71b39d090eb647e4729aa6dacacc27b4db5c46f8a42f194a212a67e09a2,-1,14.884307013793578,True,hemisphere,0.003999999996925754,2355
0.058385266879526936,0.06081943219810626,15.204858320925064,2.187583588699631,A06,P_mid,0.5607613390311599,max,,4.785521957547957,True,0.007107185006658771,0.0009997520536876808,0.23466424335245753,0.4965537928114502,1.4743954409834907,0.004,1.7849459323787675e-08,4017e71b39d090eb647e4729aa6dacacc27b4db5c46f8a42f194a212a67e09a2,1,14.884307013793578,True,hemisphere,0.003999999928602163,2355
0.0546507027695259,0.05842420386214814,7.303025541258573,2.187583588699631,A06,P_mid,0.6148543255403638,min,,4.785521957547957,True,0.006991820821225667,0.0009979320422461061,0.23466424335245753,0.4965537928114502,1.4743954409834907,0.008,8.009017060661705e-09,4017e71b39d090eb647e4729aa6dacacc27b4db5c46f8a42f194a212a67e09a2,-1,6.803994640790518,True,hemisphere,0.007999999935927864,2355
0.05436472038179419,0.05922334298153781,7.40291792552687,2.187583588699631,A06,P_mid,0.6080460324883461,min,,4.785521957547957,True,0.006983589379800927,0.0009929865898380057,0.23301337258309993,0.47235454678862077,1.464023019939617,0.008,7.137002577470297e-09,4017e71b39d090eb647e4729aa6dacacc27b4db5c46f8a42f194a212a67e09a2,1,6.803994640790518,True,hemisphere,0.00799999994290398,2355
0.12041557776125236,0.13184800127981466,16.48100016122223,2.187583588699631,A06,P_mid,0.6138228150084615,max,,4.785521957547957,True,0.007272459453747741,0.0009861459134261703,0.22678368020070744,0.49362357929535516,1.4248818627010449,0.008,7.55656388157222e-11,4017e71b39d090eb647e4729aa6dacacc27b4db5c46f8a42f194a212a67e09a2,-1,14.884307013793578,True,hemisphere,0.007999999999395475,2355
0.11605963090734485,0.13802853017680028,17.25356628302071,2.187583588699631,A06,P_mid,0.6166962804272771,max,,4.785521957547957,True,0.007322999713000373,0.0009997520536876808,0.23466424335245753,0.4965537928114502,1.4743954409834907,0.008,6.329518072861751e-10,4017e71b39d090eb647e4729aa6dacacc27b4db5c46f8a42f194a212a67e09a2,1,14.884307013793578,True,hemisphere,0.007999999994936386,2355
0.027289889825090636,0.02820648635961641,7.051621681470399,1.8281752624483527,A07,P_mid,0.5595471328124404,min,,3.3422247902281033,True,0.007015103378142282,0.000990638511560302,0.24007272277801375,0.597031474656724,1.5083769172142605,0.004,1.2985140306759346e-08,d72c76b420b4ebb6fd621e3d230abfac15cd4e624310fa0d1d33bc8f9c355e79,-1,7.096397209909623,True,hemisphere,0.003999999948059439,2754
0.02789822009375452,0.028654274530647558,7.163568645633746,1.8281752624483527,A07,P_mid,0.5630479408428073,min,,3.3422247902281033,True,0.006942426633307986,0.0009936004825038204,0.2390934032855933,0.587934438097754,1.502223852843383,0.004,1.8108093149948878e-09,d72c76b420b4ebb6fd621e3d230abfac15cd4e624310fa0d1d33bc8f9c355e79,1,7.096397209909623,True,hemisphere,0.003999999992756763,2754
0.051983003306167605,0.05427831147573596,13.569578131303489,1.8281752624483527,A07,P_mid,0.5569318681955338,max,,3.3422247902281033,True,0.007339593657089673,0.0009908143579304895,0.23644474735693757,0.597031474656724,1.485582347643639,0.004,1.9335125731392844e-08,d72c76b420b4ebb6fd621e3d230abfac15cd4e624310fa0d1d33bc8f9c355e79,-1,12.973457831664282,True,hemisphere,0.003999999922659497,2754
0.05096795170642066,0.04751791936069186,11.879479842613375,1.8281752624483527,A07,P_mid,0.5595776047557592,max,,3.3422247902281033,True,0.007266568932869336,0.0009983971158132152,0.24007272277801375,0.5962618753474258,1.5083769172142605,0.004,2.0543072451473243e-10,d72c76b420b4ebb6fd621e3d230abfac15cd4e624310fa0d1d33bc8f9c355e79,1,12.973457831664282,True,hemisphere,0.003999999999178277,2754
0.05361506824622901,0.05485248106168799,6.856560163340616,1.8281752624483527,A07,P_mid,0.606047997251153,min,,3.3422247902281033,True,0.007015103378142282,0.0009913478860991492,0.24007272277801375,0.597031474656724,1.5083769172142605,0.008,4.4671987463329454e-09,d72c76b420b4ebb6fd621e3d230abfac15cd4e624310fa0d1d33bc8f9c355e79,-1,7.096397209909623,True,hemisphere,0.00799999996426241,2754
0.05570313201400544,0.057171327070340526,7.146415885689317,1.8281752624483527,A07,P_mid,0.6096371077001095,min,,3.3422247902281033,True,0.006942426633307986,0.0009962092493663588,0.23810431771205978,0.5785352706323401,1.4960094281848717,0.008,2.65412908664886e-10,d72c76b420b4ebb6fd621e3d230abfac15cd4e624310fa0d1d33bc8f9c355e79,1,7.096397209909623,True,hemisphere,0.007999999997876697,2754
0.10446813431252754,0.10853109816250396,13.566387290524284,1.8281752624483527,A07,P_mid,0.6114381076768041,max,,3.3422247902281033,True,0.007387764416205012,0.0009924909240105536,0.23285032849439172,0.597031474656724,1.4629986139302633,0.008,1.489806325180587e-09,d72c76b420b4ebb6fd621e3d230abfac15cd4e624310fa0d1d33bc8f9c355e79,-1,12.973457831664282,True,hemisphere,0.00799999998808155,2754
0.10106450933227265,0.11249529738610804,14.061912190236988,1.8281752624483527,A07,P_mid,0.6242971485480666,max,,3.3422247902281033,True,0.007266568932869336,0.0009983971158132152,0.24007272277801375,0.5959743526878963,1.5083769172142605,0.008,1.2070537711711404e-09,d72c76b420b4ebb6fd621e3d230abfac15cd4e624310fa0d1d33bc8f9c355e79,1,12.973457831664282,True,hemisphere,0.00799999999034357,2754
0.037084436343701066,0.03458507688807533,8.646269230628032,1.3244350932283717,A08,P_mid,0.5651230486109853,min,,1.7541283161748458,True,0.007516145455518587,0.000996113622667603,0.1947698119290959,0.6351105371909285,1.2237387283505097,0.004,9.95712843773755e-10,8770fd923129bd4ad2e94cadb711f1fc8b2b8ddf76607cfb145425a5995c3118,-1,9.321604531179725,True,hemisphere,0.003999999996017149,3140
0.03721520349560639,0.03688645538907418,9.22161387961321,1.3244350932283717,A08,P_mid,0.5685055078938603,min,,1.7541283161748458,True,0.007550361581932521,0.0009980705096772544,0.19426715151767393,0.6253187264583243,1.2205805129855454,0.004,3.5074842336113576e-09,8770fd923129bd4ad2e94cadb711f1fc8b2b8ddf76607cfb145425a5995c3118,1,9.321604531179725,True,hemisphere,0.003999999985970063,3140
0.049452082073079544,0.05002747404831473,12.506868676319497,1.3244350932283717,A08,P_mid,0.566779532469809,max,,1.7541283161748458,True,0.0070182116470848595,0.000991465299829058,0.19142256382173067,0.6351105371909285,1.202707968491934,0.004,1.3132049267450263e-08,8770fd923129bd4ad2e94cadb711f1fc8b2b8ddf76607cfb145425a5995c3118,-1,12.34586016629103,True,hemisphere,0.003999999947471803,3140
0.04886570923824184,0.04339270435299256,10.848176110216109,1.3244350932283717,A08,P_mid,0.560807297937572,max,,1.7541283161748458,True,0.006957558754279384,0.000998985346985267,0.1947698119290959,0.6347143668806361,1.2237387283505097,0.004,2.025037906458471e-09,8770fd923129bd4ad2e94cadb711f1fc8b2b8ddf76607cfb145425a5995c3118,1,12.34586016629103,True,hemisphere,0.0039999999918998485,3140
0.0739445188598002,0.0714460413808394,8.93075522343122,1.3244350932283717,A08,P_mid,0.6146151516586542,min,,1.7541283161748458,True,0.007516145455518587,0.000996113622667603,0.1947698119290959,0.6351105371909285,1.2237387283505097,0.008,5.69115306096879e-09,8770fd923129bd4ad2e94cadb711f1fc8b2b8ddf76607cfb145425a5995c3118,-1,9.321604531179725,True,hemisphere,0.007999999954470776,3140
0.07312210572072522,0.07269286880138921,9.086608600849027,1.3244350932283717,A08,P_mid,0.6174158379435539,min,,1.7541283161748458,True,0.007550361581932521,0.0009991739620773753,0.19378283976175556,0.615309759938607,1.2175375822231103,0.008,7.432661257300577e-11,8770fd923129bd4ad2e94cadb711f1fc8b2b8ddf76607cfb145425a5995c3118,1,9.321604531179725,True,hemisphere,0.007999999999405387,3140
0.0993332328128425,0.10010335145739141,12.512918943682509,1.3244350932283717,A08,P_mid,0.6099970862269402,max,,1.7541283161748458,True,0.007061031521501813,0.0009929919504333591,0.18810244149815633,0.6351105371909285,1.1818476399329163,0.008,9.197360754942263e-10,8770fd923129bd4ad2e94cadb711f1fc8b2b8ddf76607cfb145425a5995c3118,-1,12.34586016629103,True,hemisphere,0.007999999992642112,3140
0.09704965827795033,0.10724560194167766,13.405700364047593,1.3244350932283717,A08,P_mid,0.6252407124266028,max,,1.7541283161748458,True,0.006957558754279384,0.000998985346985267,0.1947698119290959,0.6340938328945978,1.2237387283505097,0.008,9.05121572310208e-09,8770fd923129bd4ad2e94cadb711f1fc8b2b8ddf76607cfb145425a5995c3118,1,12.34586016629103,True,hemisphere,0.007999999927590274,3140
0.04198869018506786,0.04244235285329517,10.610588313795041,1.0873990830378064,A09,P_mid,0.559106164611876,min,,1.182436765791462,True,0.007437566295999294,0.000995025619848699,0.17701869304235585,0.6854619309453273,1.1122084483851218,0.004,9.468961205405524e-09,e37848a5ec04bb61921c17e5508210030894bcb55497e100266b9127ec4c576e,-1,10.573241459469953,True,hemisphere,0.003999999962124155,3614
0.042417551539052335,0.045713226750989516,11.428306688447813,1.0873990830378064,A09,P_mid,0.5623752735555172,min,,1.182436765791462,True,0.0056511737174353574,0.0007599379327806058,0.17621523993281046,0.6894786827185414,1.1071603524978482,0.004,6.128951512973657e-11,e37848a5ec04bb61921c17e5508210030894bcb55497e100266b9127ec4c576e,1,10.573241459469953,True,hemisphere,0.003999999999754842,3614
0.04511396119252021,0.04434523293230043,11.086308237716059,1.0873990830378064,A09,P_mid,0.5663284845650196,max,,1.182436765791462,True,0.007020958599234074,0.000995125934132044,0.17701869304235585,0.6894786827185414,1.1122084483851218,0.004,4.1862021661620563e-10,e37848a5ec04bb61921c17e5508210030894bcb55497e100266b9127ec4c576e,-1,11.497333067764945,True,hemisphere,0.003999999998325519,3614
0.045878741379813785,0.0424064605072878,10.601615251999382,1.0873990830378064,A09,P_mid,0.5550197158008814,max,,1.182436765791462,True,0.00694910826388528,0.0009880935906864529,0.17403737580110307,0.6866146928906497,1.0934768321583306,0.004,1.1807392520310489e-08,e37848a5ec04bb61921c17e5508210030894bcb55497e100266b9127ec4c576e,1,11.497333067764945,True,hemisphere,0.00399999995277043,3614
0.08265763879895352,0.08388089452753907,10.485111822649989,1.0873990830378064,A09,P_mid,0.6041117021813989,min,,1.182436765791462,True,0.007437566295999294,0.000995025619848699,0.17701869304235585,0.6809740647362355,1.1122084483851218,0.008,6.397267698216025e-10,e37848a5ec04bb61921c17e5508210030894bcb55497e100266b9127ec4c576e,-1,10.573241459469953,True,hemisphere,0.007999999994882186,3614
0.08516370678257015,0.09163602970183288,11.454503811359869,1.0873990830378064,A09,P_mid,0.6021043499931693,min,,1.182436765791462,True,0.0056511737174353574,0.0007599379327806058,0.1754350222214538,0.6894786827185414,1.1022582446173943,0.008,8.610653206078678e-09,e37848a5ec04bb61921c17e5508210030894bcb55497e100266b9127ec4c576e,1,10.573241459469953,True,hemisphere,0.007999999931114775,3614
0.08767385025565103,0.083642566169948,10.45532082141459,1.0873990830378064,A09,P_mid,0.6103955721482635,max,,1.182436765791462,True,0.007020958599234074,0.000996335829290586,0.17701869304235585,0.6894786827185414,1.1122084483851218,0.008,4.798617883258749e-09,e37848a5ec04bb61921c17e5508210030894bcb55497e100266b9127ec4c576e,-1,11.497333067764945,True,hemisphere,0.007999999961611057,3614
0.09180552941453061,0.08664990450555976,10.831238076064606,1.0873990830378064,A09,P_mid,0.602618670091033,max,,1.182436765791462,True,0.00694910826388528,0.0009895484746064614,0.17093202495430154,0.6836087911837934,1.0739659127878767,0.008,1.1881962427851e-09,e37848a5ec04bb61921c17e5508210030894bcb55497e100266b9127ec4c576e,1,11.497333067764945,True,hemisphere,0.00799999999049443,3614
0.03604715102418277,0.03516728282725737,8.791820714199748,1.6610667505216616,A10,P_mid,0.5649879230186343,min,,2.759142749688592,True,0.0036636750805944408,0.0009832776374674769,0.10120643654576443,0.4948428285631626,0.635880040817038,0.004,8.400313864648234e-10,69c4efc75051c5b951bd2c9bcfa2a8701229371ff6e47acf03642843acaf7f56,-1,9.188427927035361,True,hemisphere,0.0039999999966398745,4000
0.03649113584976646,0.03521739216922283,8.804348182473099,1.6610667505216616,A10,P_mid,0.5634252931922674,min,,2.759142749688592,True,0.003551347111502447,0.000994013046587778,0.09969644288317385,0.4866478755391205,0.6263927506349813,0.004,1.5920246241099556e-08,69c4efc75051c5b951bd2c9bcfa2a8701229371ff6e47acf03642843acaf7f56,1,9.188427927035361,True,hemisphere,0.003999999936319015,4000
0.06097644403933537,0.06154164095674959,15.385410239322033,1.6610667505216616,A10,P_mid,0.5488221850246191,max,,2.759142749688592,True,0.007770511076974677,0.0009994197851448078,0.10120643654576443,0.4873332969602283,0.635880040817038,0.004,8.750812574565003e-12,69c4efc75051c5b951bd2c9bcfa2a8701229371ff6e47acf03642843acaf7f56,-1,15.262592119163113,True,hemisphere,0.003999999999964997,4000
0.061090753394595375,0.06460187767561971,16.150469419843517,1.6610667505216616,A10,P_mid,0.5550435623154044,max,,2.759142749688592,True,0.005751938373847652,0.000754728646353336,0.10007878381837655,0.4948428285631626,0.6287949987308599,0.004,5.811518800913351e-11,69c4efc75051c5b951bd2c9bcfa2a8701229371ff6e47acf03642843acaf7f56,1,15.262592119163113,True,hemisphere,0.003999999999767539,4000
0.0715485506971406,0.06972729992507552,8.715912505433257,1.6610667505216616,A10,P_mid,0.607359554618597,min,,2.759142749688592,True,0.0036636750805944408,0.0009832776374674769,0.10120643654576443,0.4948428285631626,0.635880040817038,0.008,1.6979078733270203e-09,69c4efc75051c5b951bd2c9bcfa2a8701229371ff6e47acf03642843acaf7f56,-1,9.188427927035361,True,hemisphere,0.007999999986416737,4000
0.07355249232341973,0.07106305973216617,8.882882536844846,1.6610667505216616,A10,P_mid,0.599295549094677,min,,2.759142749688592,True,0.0035558553582213004,0.000994013046587778,0.0982068523457422,0.47836632993074457,0.6170336532882983,0.008,7.916807834296158e-09,69c4efc75051c5b951bd2c9bcfa2a8701229371ff6e47acf03642843acaf7f56,1,9.188427927035361,True,hemisphere,0.007999999936665537,4000
0.1218316736946165,0.12410200791803902,15.512751005579895,1.6610667505216616,A10,P_mid,0.6098840953782201,max,,2.759142749688592,True,0.007793067677634522,0.0009994197851448078,0.10120643654576443,0.4793602820604631,0.635880040817038,0.008,1.020129727219432e-09,69c4efc75051c5b951bd2c9bcfa2a8701229371ff6e47acf03642843acaf7f56,-1,15.262592119163113,True,hemisphere,0.007999999991838962,4000
0.12184114202069204,0.12014371631175298,15.01796457513132,1.6610667505216616,A10,P_mid,0.6050801975652575,max,,2.759142749688592,True,0.007598021775802337,0.000999871131291721,0.0991553125805439,0.4948428285631626,0.6229928289435573,0.008,2.4079293246825895e-09,69c4efc75051c5b951bd2c9bcfa2a8701229371ff6e47acf03642843acaf7f56,1,15.262592119163113,True,hemisphere,0.007999999980736566,4000
0.036178266286091616,0.04100128041359383,10.250320349782774,2.1055595070412694,A11,P_mid,0.5478018298745155,min,,4.433380837691874,True,0.005254474396232247,0.0007753183565320363,0.12044446648390497,0.3468654265450333,0.756752582918375,0.004,2.4036743082045398e-08,85d799306f233fc28dea0b107cfbdded4e30b5a246ca0ea2e5d806b2a1364ede,-1,9.092443848522622,True,hemisphere,0.003999999903853028,4423
0.03654421911091677,0.03831489635721361,9.578724089625306,2.1055595070412694,A11,P_mid,0.5519671589136124,min,,4.433380837691874,True,0.0071483311202588965,0.000997512152398416,0.1216347399544335,0.3657715066434592,0.7642310711337057,0.004,3.360614737879519e-11,85d799306f233fc28dea0b107cfbdded4e30b5a246ca0ea2e5d806b2a1364ede,1,9.092443848522622,True,hemisphere,0.0039999999998655755,4423
0.07469707829971851,0.07582241193474987,18.955603210194393,2.1055595070412694,A11,P_mid,0.5559128075838089,max,,4.433380837691874,True,0.007032349583907784,0.0009605398263000691,0.11854786883445965,0.36204623579289097,0.74483625988691,0.004,1.1949338870817505e-08,85d799306f233fc28dea0b107cfbdded4e30b5a246ca0ea2e5d806b2a1364ede,-1,19.144681587495715,True,hemisphere,0.003999999952202645,4423
0.07518481312459308,0.07153164088268814,17.882910237871467,2.1055595070412694,A11,P_mid,0.5569619238376617,max,,4.433380837691874,True,0.007125464537513523,0.000999741793345552,0.1216347399544335,0.3657715066434592,0.7642310711337057,0.004,9.617803515410417e-10,85d799306f233fc28dea0b107cfbdded4e30b5a246ca0ea2e5d806b2a1364ede,1,19.144681587495715,True,hemisphere,0.003999999996152879,4423
0.06446629417502989,0.06875159935808833,8.593949978186158,2.1055595070412694,A11,P_mid,0.6130783203989267,min,,4.433380837691874,True,0.0059690387460991975,0.0009786134914322657,0.11952702414344206,0.3342090558502618,0.7509882926932465,0.008,6.798400817992212e-09,85d799306f233fc28dea0b107cfbdded4e30b5a246ca0ea2e5d806b2a1364ede,-1,9.092443848522622,True,hemisphere,0.007999999945612794,4423
0.07351644612043819,0.07621948843859891,9.527436069714199,2.1055595070412694,A11,P_mid,0.5983898723497987,min,,4.433380837691874,True,0.0071483311202588965,0.000997512152398416,0.1216347399544335,0.3657715066434592,0.7642310711337057,0.008,1.5627850576127589e-09,85d799306f233fc28dea0b107cfbdded4e30b5a246ca0ea2e5d806b2a1364ede,1,9.092443848522622,True,hemisphere,0.00799999998749772,4423
0.1486214666239207,0.1503393273380993,18.792415938522137,2.1055595070412694,A11,P_mid,0.6026337295770645,max,,4.433380837691874,True,0.007032349583907784,0.0009605398263000691,0.1155859790193324,0.35885824042010567,0.7262267061784655,0.008,1.1312927591239363e-09,85d799306f233fc28dea0b107cfbdded4e30b5a246ca0ea2e5d806b2a1364ede,-1,19.144681587495715,True,hemisphere,0.007999999990949658,4423
0.15042795566781403,0.1643350343068559,20.541879292316377,2.1055595070412694,A11,P_mid,0.6067180009558797,max,,4.433380837691874,True,0.007242366682234206,0.000999741793345552,0.1216347399544335,0.3657715066434592,0.7642310711337057,0.008,1.92747293820128e-10,85d799306f233fc28dea0b107cfbdded4e30b5a246ca0ea2e5d806b2a1364ede,1,19.144681587495715,True,hemisphere,0.007999999998458022,4423
0.028681314444471525,0.03200396332760579,8.000990858497754,1.6719346515064593,A12,P_mid,0.5432165069505572,min,,2.7953654789080256,True,0.00692123725014178,0.0009998723480559289,0.21111434684157784,0.6135780241667349,1.3264314412056337,0.004,3.324126564285823e-09,41c5bd86f483b4bf959881a5218fcba782d6b83abbcd9daa8c2bc5cdfb5e3a10,-1,7.168937226341259,True,hemisphere,0.003999999986703494,4797
0.02848209835742747,0.03152040028939014,7.880100077782753,1.6719346515064593,A12,P_mid,0.5448158336803317,min,,2.7953654789080256,True,0.006922401350599822,0.0009946476590832493,0.21217962021163886,0.6216100050040372,1.333124553789727,0.004,6.897397149957518e-10,41c5bd86f483b4bf959881a5218fcba782d6b83abbcd9daa8c2bc5cdfb5e3a10,1,7.168937226341259,True,hemisphere,0.003999999997241041,4797
0.04775545011494368,0.046194294986610936,11.548573754449018,1.6719346515064593,A12,P_mid,0.5390654671937227,max,,2.7953654789080256,True,0.007283832578723616,0.0009942398112082896,0.20886817728961485,0.617135754092167,1.3123187579106501,0.004,6.750862889537412e-10,41c5bd86f483b4bf959881a5218fcba782d6b83abbcd9daa8c2bc5cdfb5e3a10,-1,11.985994563194556,True,hemisphere,0.003999999997299655,4797
0.047810014945831876,0.04983121341738373,12.457803383522197,1.6719346515064593,A12,P_mid,0.5386339398100972,max,,2.7953654789080256,True,0.005587708937495144,0.0007515880259359799,0.21217962021163886,0.6216100050040372,1.333124553789727,0.004,2.342007230510257e-09,41c5bd86f483b4bf959881a5218fcba782d6b83abbcd9daa8c2bc5cdfb5e3a10,1,11.985994563194556,True,hemisphere,0.003999999990631971,4797
0.05753901550484129,0.06679514067157524,8.349392584680105,1.6719346515064593,A12,P_mid,0.6003036750480533,min,,2.7953654789080256,True,0.00692123725014178,0.0009998723480559289,0.2100367973865804,0.6047469832097074,1.3196611979798847,0.008,8.781473812002893e-11,41c5bd86f483b4bf959881a5218fcba782d6b83abbcd9daa8c2bc5cdfb5e3a10,-1,7.168937226341259,True,hemisphere,0.007999999999297482,4797
0.05671756340169433,0.06249570570336126,7.81196322899623,1.6719346515064593,A12,P_mid,0.598127250559628,min,,2.7953654789080256,True,0.006922401350599822,0.0009946476590832493,0.21217962021163886,0.6216100050040372,1.333124553789727,0.008,2.057878823943926e-09,41c5bd86f483b4bf959881a5218fcba782d6b83abbcd9daa8c2bc5cdfb5e3a10,1,7.168937226341259,True,hemisphere,0.00799999998353697,4797
0.09530971776872314,0.09218438229090509,11.523047832006979,1.6719346515064593,A12,P_mid,0.5965255592018366,max,,2.7953654789080256,True,0.007283832578723616,0.0009942398112082896,0.20560127062849973,0.6126608712675122,1.2917927833588638,0.008,3.9610912206528015e-09,41c5bd86f483b4bf959881a5218fcba782d6b83abbcd9daa8c2bc5cdfb5e3a10,-1,11.985994563194556,True,hemisphere,0.00799999996831127,4797
0.095533957073045,0.09967953961833328,12.45994245264894,1.6719346515064593,A12,P_mid,0.5971891777589917,max,,2.7953654789080256,True,0.005587708937495144,0.0007523854994707733,0.21217962021163886,0.6216100050040372,1.333124553789727,0.008,2.867432853659313e-11,41c5bd86f483b4bf959881a5218fcba782d6b83abbcd9daa8c2bc5cdfb5e3a10,1,11.985994563194556,True,hemisphere,0.007999999999770606,4797
0.02358741468035718,0.026852793281940034,6.7131984049059374,1.8020506022568505,A13,P_mid,0.5522145768627524,min,,3.2473863730942774,True,0.006533910940309588,0.000995667987216044,0.20993430782113623,0.6894725122772253,1.6057815110796099,0.004,1.2575366312508884e-08,78f2fcd63a8acfca577994b22dc12c4af4e4fcf12229a1bff5dd677234ab469b,-1,5.981971600787395,True,hemisphere,0.003999999949698535,5208
0.023889954173242925,0.02677599414187766,6.6939985397259685,1.8020506022568505,A13,P_mid,0.5540136657655239,min,,3.2473863730942774,True,0.006551726838946967,0.0009941820012840266,0.21105920380553728,0.6925614291242786,1.607554328426355,0.004,6.35876117385803e-10,78f2fcd63a8acfca577994b22dc12c4af4e4fcf12229a1bff5dd677234ab469b,1,5.981971600787395,True,hemisphere,0.003999999997456496,5208
0.0431006767819473,0.04023863655677442,10.059659192406,1.8020506022568505,A13,P_mid,0.5531513690948486,max,,3.2473863730942774,True,0.007302333114334979,0.0009990268754721846,0.21105920380553728,0.6895190648450669,1.5874014259491325,0.004,5.2896816701147875e-09,78f2fcd63a8acfca577994b22dc12c4af4e4fcf12229a1bff5dd677234ab469b,-1,10.7798155258823,True,hemisphere,0.003999999978841273,5208
0.04304598146484282,0.035186321299670524,8.796580374194832,1.8020506022568505,A13,P_mid,0.5480958856642246,max,,3.2473863730942774,True,0.007353812448464177,0.0009997170182898323,0.2106297597038071,0.6925614291242786,1.607554328426355,0.004,5.601858820564187e-09,78f2fcd63a8acfca577994b22dc12c4af4e4fcf12229a1bff5dd677234ab469b,1,10.7798155258823,True,hemisphere,0.003999999977592565,5208
0.04749191121212211,0.05383667052005353,6.729583856772738,1.8020506022568505,A13,P_mid,0.600913904607296,min,,3.2473863730942774,True,0.0066855443464631445,0.000995667987216044,0.208796616335921,0.6862325981086986,1.6036399495304399,0.008,6.206334274630465e-09,78f2fcd63a8acfca577994b22dc12c4af4e4fcf12229a1bff5dd677234ab469b,-1,5.981971600787395,True,hemisphere,0.007999999950349326,5208
0.04803832754694337,0.05353277471280306,6.691596839602945,1.8020506022568505,A13,P_mid,0.613510899245739,min,,3.2473863730942774,True,0.006584827756199194,0.0009963957577482703,0.21105920380553728,0.6925614291242786,1.607554328426355,0.008,7.510355184980888e-11,78f2fcd63a8acfca577994b22dc12c4af4e4fcf12229a1bff5dd677234ab469b,1,5.981971600787395,True,hemisphere,0.007999999999399172,5208
0.08829012174009254,0.08268116250370955,10.335145354088919,1.8020506022568505,A13,P_mid,0.6043369760736823,max,,3.2473863730942774,True,0.00815438643424429,0.0009990268754721846,0.21105920380553728,0.6861388719030062,1.5662272289630697,0.008,3.97916270246379e-09,78f2fcd63a8acfca577994b22dc12c4af4e4fcf12229a1bff5dd677234ab469b,-1,10.7798155258823,True,hemisphere,0.007999999968166699,5208
0.08593517149807134,0.07863183927832008,9.828979909900566,1.8020506022568505,A13,P_mid,0.609061585739255,max,,3.2473863730942774,True,0.007353812448464177,0.0009997170182898323,0.2101228066199685,0.6925614291242786,1.607554328426355,0.008,1.1247947018233617e-11,78f2fcd63a8acfca577994b22dc12c4af4e4fcf12229a1bff5dd677234ab469b,1,10.7798155258823,True,hemisphere,0.007999999999910017,5208
0.030892614538794255,0.03193609362923823,7.9840234260989105,1.5272192229808164,A14,P_mid,0.5566374938935041,min,,2.3323985550421282,True,0.00833613692055745,0.0009951686001737497,0.19982892712970526,0.7214631197408599,1.6775712702710714,0.004,2.3533690187566014e-09,9e0d03419d81ad9e57b83ad6a2933a1670f2e9afea6390999fd6bc731e7a6e5e,-1,7.8085873499618765,True,hemisphere,0.003999999990586524,5595
0.031296314588331875,0.03218232376964356,8.045580998811559,1.5272192229808164,A14,P_mid,0.5589934578165412,min,,2.3323985550421282,True,0.008419546520745455,0.000997850699942312,0.2008362106473103,0.7226426292132179,1.6788847073438358,0.004,7.010142466512548e-09,9e0d03419d81ad9e57b83ad6a2933a1670f2e9afea6390999fd6bc731e7a6e5e,1,7.8085873499618765,True,hemisphere,0.00399999997195943,5595
0.04777486758043692,0.0464032353696113,11.60080884484433,1.5272192229808164,A14,P_mid,0.5597531134262681,max,,2.3323985550421282,True,0.008368797064333649,0.0009920653327846393,0.2008362106473103,0.722153036175898,1.6557145274446887,0.004,2.104599047120237e-10,9e0d03419d81ad9e57b83ad6a2933a1670f2e9afea6390999fd6bc731e7a6e5e,-1,11.92542470518661,True,hemisphere,0.0039999999991581605,5595
0.04693435939328007,0.043233123979433255,10.808281123781073,1.5272192229808164,A14,P_mid,0.554290821775794,max,,2.3323985550421282,True,0.008287813351107691,0.0009943141785386583,0.20065027735501192,0.7226426292132179,1.6788847073438358,0.004,1.19281464046328e-08,9e0d03419d81ad9e57b83ad6a2933a1670f2e9afea6390999fd6bc731e7a6e5e,1,11.92542470518661,True,hemisphere,0.0039999999522874145,5595
0.06121026654021992,0.06369585989442797,7.961982549279524,1.5272192229808164,A14,P_mid,0.6072307173162699,min,,2.3323985550421282,True,0.00833613692055745,0.0009951686001737497,0.198808479814162,0.7199901596943867,1.6763182566470916,0.008,7.846792876922692e-09,9e0d03419d81ad9e57b83ad6a2933a1670f2e9afea6390999fd6bc731e7a6e5e,-1,7.8085873499618765,True,hemisphere,0.007999999937225657,5595
0.06290453842703657,0.06494680991118247,8.118351242160045,1.5272192229808164,A14,P_mid,0.605641015805304,min,,2.3323985550421282,True,0.008442204952928273,0.0009984029427200902,0.2008362106473103,0.7226426292132179,1.6788847073438358,0.008,4.0183481542221955e-10,9e0d03419d81ad9e57b83ad6a2933a1670f2e9afea6390999fd6bc731e7a6e5e,1,7.8085873499618765,True,hemisphere,0.007999999996785322,5595
0.09621063373733986,0.09289361424303824,11.611701847172004,1.5272192229808164,A14,P_mid,0.6067088386043906,max,,2.3323985550421282,True,0.008409305667978971,0.0009943301072251063,0.2008362106473103,0.7215247591406097,1.6326568955880618,0.008,5.7521476731076104e-09,9e0d03419d81ad9e57b83ad6a2933a1670f2e9afea6390999fd6bc731e7a6e5e,-1,11.92542470518661,True,hemisphere,0.007999999953982819,5595
0.09388605342083191,0.08724777336541488,10.905971743248438,1.5272192229808164,A14,P_mid,0.5991700729355216,max,,2.3323985550421282,True,0.008346249713395574,0.0009986438397783933,0.20049187970142385,0.7226426292132179,1.6788847073438358,0.008,6.654297338842818e-09,9e0d03419d81ad9e57b83ad6a2933a1670f2e9afea6390999fd6bc731e7a6e5e,1,11.92542470518661,True,hemisphere,0.007999999946765621,5595
0.032590249526440546,0.03060982984985866,7.652457552632392,1.6093238289618288,A00,P_high,0.5500171072781086,min,,2.5899231864643615,True,0.008276696498798405,0.0009910856392140925,0.16248630184690266,0.6764556555872969,1.6652424760672975,0.004,1.1782845749444548e-08,b0093135332af23c0535aa4bcf96f3e4969a15abba46bdb288ba2f9631fbb081,-1,8.267633926670811,True,hemisphere,0.003999999952868617,1
0.03306828563284216,0.03152845865841295,7.882114666208162,1.6093238289618288,A00,P_high,0.5536196129396558,min,,2.5899231864643615,True,0.008373835268878024,0.0009962609012727699,0.16336664187733446,0.6811455124711269,1.6652424760672975,0.004,2.036159869184262e-10,b0093135332af23c0535aa4bcf96f3e4969a15abba46bdb288ba2f9631fbb081,1,8.267633926670811,True,hemisphere,0.003999999999185536,1
0.05332144421333616,0.051653381546897685,12.913345386724417,1.6093238289618288,A00,P_high,0.5387449255213141,max,,2.5899231864643615,True,0.008404401606387687,0.000992294232037731,0.16336664187733446,0.6811455124711269,1.6403102851890339,0.004,2.1684043449710089e-16,b0093135332af23c0535aa4bcf96f3e4969a15abba46bdb288ba2f9631fbb081,-1,13.30530028732459,True,hemisphere,0.004000000000000001,1
0.05280470689918114,0.05559086840339656,13.897717108492781,1.6093238289618288,A00,P_high,0.5489203259348869,max,,2.5899231864643615,True,0.008347450178525109,0.000999629634286429,0.16330726186396502,0.6803049087789718,1.6652424760672975,0.004,5.499925601754052e-10,b0093135332af23c0535aa4bcf96f3e4969a15abba46bdb288ba2f9631fbb081,1,13.30530028732459,True,hemisphere,0.00399999999780003,1
0.0645337121296367,0.06340692533743436,7.925865673609268,1.6093238289618288,A00,P_high,0.6101113436743617,min,,2.5899231864643615,True,0.008276696498798405,0.0009910856392140925,0.1615489229553229,0.6710343297926029,1.6652424760672975,0.008,8.112644670627001e-10,b0093135332af23c0535aa4bcf96f3e4969a15abba46bdb288ba2f9631fbb081,-1,8.267633926670811,True,hemisphere,0.007999999993509884,1
0.0665196408838921,0.0651529179431336,8.144114787296232,1.6093238289618288,A00,P_high,0.5984605131670833,min,,2.5899231864643615,True,0.008432563517730057,0.0009985715785512615,0.16336664187733446,0.6811455124711269,1.6652424760672975,0.008,5.452346039935829e-09,b0093135332af23c0535aa4bcf96f3e4969a15abba46bdb288ba2f9631fbb081,1,8.267633926670811,True,hemisphere,0.007999999956381232,1
0.10636954389816655,0.10087491207101767,12.609364022730901,1.6093238289618288,A00,P_high,0.6207975866273046,max,,2.5899231864643615,True,0.008404401606387687,0.000992294232037731,0.16336664187733446,0.6811455124711269,1.6164049851316291,0.008,1.0986827767012208e-09,b0093135332af23c0535aa4bcf96f3e4969a15abba46bdb288ba2f9631fbb081,-1,13.30530028732459,True,hemisphere,0.007999999991210538,1
0.104917305623637,0.1071605491554057,13.395068700918802,1.6093238289618288,A00,P_high,0.6153702987357974,max,,2.5899231864643615,True,0.008347450178525109,0.000999629634286429,0.16325557040888727,0.6794224780402053,1.6652424760672975,0.008,4.217454293783951e-09,b0093135332af23c0535aa4bcf96f3e4969a15abba46bdb288ba2f9631fbb081,1,13.30530028732459,True,hemisphere,0.007999999966260366,1
0.022374012361261433,0.02386697488197853,5.9667437227874185,1.8455775423706688,A01,P_high,0.5580871971324086,min,,3.4061564649029576,True,0.0071849887890396355,0.0009862315687555144,0.15349514765791714,0.5965550612764494,1.928878353625497,0.004,3.842607655679675e-10,b0fdc861ec9d30a4678173d13f4860ba7a75f2163c9e408a9f07ee9e7b23fe81,-1,5.640324811663254,True,hemisphere,0.003999999998462957,399
0.021941222424290013,0.023752004848780615,5.938001247813252,1.8455775423706688,A01,P_high,0.5709016937762499,min,,3.4061564649029576,True,0.007098440769779685,0.0009812907349001788,0.15291989831598096,0.5934534847258076,1.9216495517999768,0.004,5.9983311720412935e-09,b0fdc861ec9d30a4678173d13f4860ba7a75f2163c9e408a9f07ee9e7b23fe81,1,5.640324811663254,True,hemisphere,0.003999999976006675,399
0.04133383823546165,0.03535773943954553,8.839434873742544,1.8455775423706688,A01,P_high,0.5585931958630681,max,,3.4061564649029576,True,0.007084087657644365,0.0009998285693431765,0.15349514765791714,0.5965550612764494,1.928878353625497,0.004,1.5675392841391078e-09,b0fdc861ec9d30a4678173d13f4860ba7a75f2163c9e408a9f07ee9e7b23fe81,-1,10.409656804081772,True,hemisphere,0.003999999993729843,399
0.04188165604053235,0.04066773480620871,10.166933709464482,1.8455775423706688,A01,P_high,0.560548366047442,max,,3.4061564649029576,True,0.00702663313717908,0.000999754182730473,0.15321496854310138,0.594702304808107,1.9253575164006582,0.004,7.782390183674881e-10,b0fdc861ec9d30a4678173d13f4860ba7a75f2163c9e408a9f07ee9e7b23fe81,1,10.409656804081772,True,hemisphere,0.003999999996887044,399
0.04514947518935794,0.047859985066161695,5.98249817918389,1.8455775423706688,A01,P_high,0.6100974082946777,min,,3.4061564649029576,True,0.0072757659784705875,0.0009903365694594302,0.15349514765791714,0.5965550612764494,1.928878353625497,0.008,7.674666457901935e-09,b0fdc861ec9d30a4678173d13f4860ba7a75f2163c9e408a9f07ee9e7b23fe81,-1,5.640324811663254,True,hemisphere,0.007999999938602669,399
0.04338812811827661,0.04731375410573825,5.914219266442702,1.8455775423706688,A01,P_high,0.6122407484799623,min,,3.4061564649029576,True,0.007098440769779685,0.0009812907349001788,0.15235328881662102,0.5903050841433646,1.9145293215194101,0.008,5.453671368671476e-10,b0fdc861ec9d30a4678173d13f4860ba7a75f2163c9e408a9f07ee9e7b23fe81,1,5.640324811663254,True,hemisphere,0.007999999995637063,399
0.08014745696131712,0.07868688676562327,9.835860914466528,1.8455775423706688,A01,P_high,0.6162098664790392,max,,3.4061564649029576,True,0.007084087657644365,0.0009998285693431765,0.15349514765791714,0.5965550612764494,1.928878353625497,0.008,6.99111341734282e-09,b0fdc861ec9d30a4678173d13f4860ba7a75f2163c9e408a9f07ee9e7b23fe81,-1,10.409656804081772,True,hemisphere,0.007999999944071093,399
0.08420964379851126,0.08135770348719859,10.16971303757519,1.8455775423706688,A01,P_high,0.6194974733516574,max,,3.4061564649029576,True,0.00702663313717908,0.000999754182730473,0.15293994932438773,0.5927924246178929,1.9219015203909997,0.008,9.99785996179392e-09,b0fdc861ec9d30a4678173d13f4860ba7a75f2163c9e408a9f07ee9e7b23fe81,1,10.409656804081772,True,hemisphere,0.00799999992001712,399
0.008113186483194382,0.00811890857566018,2.0297271451602126,3.776102433534815,A02,P_high,0.5605187620967627,min,,14.258949588547553,True,0.003290609481347067,0.0009951353980680502,0.18130903587020095,0.7071718691222728,2.2763079816403735,0.004,6.134654416400931e-10,373fba5be060b9a8682ff741aa9a05012f7a5d39d4fa56afca90d7984a527724,-1,2.037593630636006,True,hemisphere,0.003999999997546138,773
0.008125636271328925,0.008119291623096887,2.0298229059341217,3.776102433534815,A02,P_high,0.5602700365707278,min,,14.258949588547553,True,0.00330653034857962,0.0009976049615513327,0.1815319010391472,0.7111937510214251,2.2712926566353007,0.004,7.877531092714829e-11,373fba5be060b9a8682ff741aa9a05012f7a5d39d4fa56afca90d7984a527724,1,2.037593630636006,True,hemisphere,0.003999999999684899,773
0.030955178724135377,0.025626960042312207,6.406740010685077,3.776102433534815,A02,P_high,0.5545869274064898,max,,14.258949588547553,True,0.007614565694076275,0.0009995659112550024,0.1815319010391472,0.7111937510214251,2.2639233435438553,0.004,1.6705170233222155e-11,373fba5be060b9a8682ff741aa9a05012f7a5d39d4fa56afca90d7984a527724,-1,7.69416226719966,True,hemisphere,0.003999999999933179,773
0.03049365235046914,0.02970040050993287,7.425100255578823,3.776102433534815,A02,P_high,0.5518968096002936,max,,14.258949588547553,True,0.007624373294612087,0.0009981668729507212,0.18086414716740712,0.7093572437227752,2.2728076016815617,0.004,1.7251700502179945e-08,373fba5be060b9a8682ff741aa9a05012f7a5d39d4fa56afca90d7984a527724,1,7.69416226719966,True,hemisphere,0.003999999930993198,773
0.016208000917663168,0.016240999475860086,2.0301249374120633,3.776102433534815,A02,P_high,0.6051475573331118,min,,14.258949588547553,True,0.003290609481347067,0.0009951353980680502,0.18108656853892932,0.7031122136262017,2.2756026331562307,0.008,1.4430405655130318e-09,373fba5be060b9a8682ff741aa9a05012f7a5d39d4fa56afca90d7984a527724,-1,2.037593630636006,True,hemisphere,0.007999999988455676,773
0.01626697560462324,0.01623606853397972,2.029508589155314,3.776102433534815,A02,P_high,0.612746262922883,min,,14.258949588547553,True,0.0033181216400097815,0.0009985010235481178,0.1815319010391472,0.7111937510214251,2.266362953564192,0.008,1.1041022046284765e-08,373fba5be060b9a8682ff741aa9a05012f7a5d39d4fa56afca90d7984a527724,1,2.037593630636006,True,hemisphere,0.007999999911671824,773
0.06227444186662188,0.057047987059271076,7.13099838241836,3.776102433534815,A02,P_high,0.6028185095638037,max,,14.258949588547553,True,0.007614565694076275,0.0009995659112550024,0.1815319010391472,0.7111937510214251,2.2487566102393295,0.008,1.3287981825982342e-12,373fba5be060b9a8682ff741aa9a05012f7a5d39d4fa56afca90d7984a527724,-1,7.69416226719966,True,hemisphere,0.00799999999998937,773
0.06040936378252403,0.059403782844316626,7.425472859755906,3.776102433534815,A02,P_high,0.6133540393784642,max,,14.258949588547553,True,0.007624373294612087,0.0009981668729507212,0.1802008503343179,0.7070993840147852,2.2644723616241658,0.008,5.678194459762809e-10,373fba5be060b9a8682ff741aa9a05012f7a5d39d4fa56afca90d7984a527724,1,7.69416226719966,True,hemisphere,0.007999999995457445,773
0.008710029478588822,0.010580918247488412,2.645229564552156,4.108496118058275,A03,P_high,0.5612750388681889,min,,16.879740352099915,True,0.003179839317231155,0.0009848591409131158,0.19098078415141348,0.7016672899700389,2.0468169635125895,0.004,1.0131648124633852e-09,9e1cc190f8464511852cd88d6a26d51a8c44fe843ebc42d0d5caefda863b241d,-1,2.203370596805473,True,hemisphere,0.003999999995947341,1172
0.00874848180010815,0.010598746380404832,2.649686655010138,4.108496118058275,A03,P_high,0.5568873295560479,min,,16.879740352099915,True,0.003202783660300309,0.0009883634226195094,0.1911934135939073,0.7049336199170188,2.0403426913150566,0.004,2.2609817013422018e-08,9e1cc190f8464511852cd88d6a26d51a8c44fe843ebc42d0d5caefda863b241d,1,2.203370596805473,True,hemisphere,0.003999999909560732,1172
0.03618876056221118,0.03579342473693972,8.948356196756286,4.108496118058275,A03,P_high,0.549812002107501,max,,16.879740352099915,True,0.007497657033455086,0.0009942094660362352,0.1911934135939073,0.7020539260962789,2.026904140846099,0.004,1.3992912731297658e-09,9e1cc190f8464511852cd88d6a26d51a8c44fe843ebc42d0d5caefda863b241d,-1,9.052539543619032,True,hemisphere,0.003999999994402835,1172
0.035533177304828564,0.03573915867627224,8.93478967244685,4.108496118058275,A03,P_high,0.557438732124865,max,,16.879740352099915,True,0.007458281454860809,0.0009927298609671848,0.1906103915945035,0.7049336199170188,2.0468169635125895,0.004,3.7816126098599856e-10,9e1cc190f8464511852cd88d6a26d51a8c44fe843ebc42d0d5caefda863b241d,1,9.052539543619032,True,hemisphere,0.003999999998487355,1172
0.017375526011185135,0.021146344723412924,2.643293095286642,4.108496118058275,A03,P_high,0.609081469476223,min,,16.879740352099915,True,0.003179839317231155,0.0009848591409131158,0.1907691980391558,0.6983926643323798,2.0468169635125895,0.008,1.838625605932176e-09,9e1cc190f8464511852cd88d6a26d51a8c44fe843ebc42d0d5caefda863b241d,-1,2.203370596805473,True,hemisphere,0.007999999985290995,1172
0.017535381082507503,0.021210172943233675,2.6512716182456457,4.108496118058275,A03,P_high,0.606170728802681,min,,16.879740352099915,True,0.0032208033732863775,0.0009901391710193566,0.1911934135939073,0.7049336199170188,2.0339161745293937,0.008,1.287821845691317e-10,9e1cc190f8464511852cd88d6a26d51a8c44fe843ebc42d0d5caefda863b241d,1,2.203370596805473,True,hemisphere,0.007999999998969743,1172
0.0729363715921045,0.07167594713883942,8.959493393822093,4.108496118058275,A03,P_high,0.6042632339522243,max,,16.879740352099915,True,0.007534720133964683,0.0009969739550868204,0.1911934135939073,0.6986982992300598,2.007036562869792,0.008,1.6375551088743112e-10,9e1cc190f8464511852cd88d6a26d51a8c44fe843ebc42d0d5caefda863b241d,-1,9.052539543619032,True,hemisphere,0.007999999998689956,1172
0.07031051806148557,0.07128000247368386,8.910000323834941,4.108496118058275,A03,P_high,0.6276499768719077,max,,16.879740352099915,True,0.007458281454860809,0.0009927298609671848,0.19003565257674374,0.7049336199170188,2.0468169635125895,0.008,1.6413532859249624e-09,9e1cc190f8464511852cd88d6a26d51a8c44fe843ebc42d0d5caefda863b241d,1,9.052539543619032,True,hemisphere,0.007999999986869174,1172
0.010535663030630627,0.01379191504932063,3.4479788276367556,3.7378105591634236,A04,P_high,0.5615991177037358,min,,13.971227776193585,True,0.003450531663972995,0.0009985056446838749,0.1971518530472362,0.6736668710947638,1.8549590660121797,0.004,1.894054509586629e-08,4c6ecabcff1a3dd68db3d7cb4aa86ba814e1f36e45011fa83eeb26e88aa759b4,-1,2.634268662678204,True,hemisphere,0.00399999992423782,1558
0.010500424819054138,0.013790192617358577,3.447548161818129,3.7378105591634236,A04,P_high,0.564087126404047,min,,13.971227776193585,True,0.003456851012148698,0.0009998916017959123,0.19741920926320933,0.6758743396459237,1.8491486321591086,0.004,2.169218363962111e-09,4c6ecabcff1a3dd68db3d7cb4aa86ba814e1f36e45011fa83eeb26e88aa759b4,1,2.634268662678204,True,hemisphere,0.003999999991323127,1558
0.039252421474043835,0.03623279817964105,9.05819956377761,3.7378105591634236,A04,P_high,0.555401342920959,max,,13.971227776193585,True,0.007753775258680043,0.0009959683871005097,0.19741920926320933,0.668442412697644,1.8362065586822576,0.004,2.0829026437657605e-09,4c6ecabcff1a3dd68db3d7cb4aa86ba814e1f36e45011fa83eeb26e88aa759b4,-1,9.846397223031902,True,hemisphere,0.0039999999916683895,1558
0.03915893423295093,0.036424789376833445,9.106197428462714,3.7378105591634236,A04,P_high,0.5548080205917358,max,,13.971227776193585,True,0.0077829460959884635,0.0009969402106780592,0.19679576890638453,0.6758743396459237,1.8549590660121797,0.004,9.252418926505857e-09,4c6ecabcff1a3dd68db3d7cb4aa86ba814e1f36e45011fa83eeb26e88aa759b4,1,9.846397223031902,True,hemisphere,0.003999999962990324,1558
0.021106401537417056,0.027629595314837205,3.453699414962275,3.7378105591634236,A04,P_high,0.6060594767332077,min,,13.971227776193585,True,0.0034560651340917654,0.0009985056446838749,0.19688288108615365,0.6715015394482726,1.8549590660121797,0.008,1.759343538909608e-10,4c6ecabcff1a3dd68db3d7cb4aa86ba814e1f36e45011fa83eeb26e88aa759b4,-1,2.634268662678204,True,hemisphere,0.007999999998592525,1558
0.0209515303801827,0.029346537297962445,3.6683171639788457,3.7378105591634236,A04,P_high,0.6141655091196299,min,,13.971227776193585,True,0.003456851012148698,0.0009998916017959123,0.19741920926320933,0.6758743396459237,1.842659654294331,0.008,4.725709840808223e-10,4c6ecabcff1a3dd68db3d7cb4aa86ba814e1f36e45011fa83eeb26e88aa759b4,1,2.634268662678204,True,hemisphere,0.007999999996219432,1558
0.07847352210413543,0.07232886904936134,9.041108726763458,3.7378105591634236,A04,P_high,0.6093602078035474,max,,13.971227776193585,True,0.007753775258680043,0.0009959683871005097,0.19741920926320933,0.6606848781447165,1.817617751902001,0.008,1.0573182303644235e-08,4c6ecabcff1a3dd68db3d7cb4aa86ba814e1f36e45011fa83eeb26e88aa759b4,-1,9.846397223031902,True,hemisphere,0.007999999915414542,1558
0.07809715415663822,0.07285117103615647,9.106396382853905,3.7378105591634236,A04,P_high,0.6072312584146857,max,,13.971227776193585,True,0.007789710986674849,0.0009984487305924673,0.19617396175330024,0.6758743396459237,1.8549590660121797,0.008,3.661543724470251e-10,4c6ecabcff1a3dd68db3d7cb4aa86ba814e1f36e45011fa83eeb26e88aa759b4,1,9.846397223031902,True,hemisphere,0.007999999997070765,1558
0.025724223060345053,0.028086143073322547,7.021535768434966,1.8029761389050545,A05,P_high,0.5571645954623818,min,,3.2507229574609786,True,0.0070256822981203055,0.0009989421328925555,0.20150272509225664,0.5861168068119034,1.6647986608304908,0.004,1.4858557093044844e-11,f5a8cb08151ac213053649ffaefbd3bf4315fdd3befa165920749cb035680b02,-1,6.451251597009608,True,hemisphere,0.003999999999940566,1969
0.025867193286074164,0.026187033661815032,6.546758415577411,1.8029761389050545,A05,P_high,0.5617559626698494,min,,3.2507229574609786,True,0.00694098007406294,0.0009993140778955438,0.2020206099713567,0.5809515117130946,1.6563734350383286,0.004,1.8887669206435476e-11,f5a8cb08151ac213053649ffaefbd3bf4315fdd3befa165920749cb035680b02,1,6.451251597009608,True,hemisphere,0.003999999999924449,1969
0.04641898472989941,0.05106927788611297,12.76731947678053,1.8029761389050545,A05,P_high,0.5622041719034314,max,,3.2507229574609786,True,0.007198765054010641,0.000983018994004161,0.2020206099713567,0.5787783182127126,1.6431550421333727,0.004,4.1138533551920986e-10,f5a8cb08151ac213053649ffaefbd3bf4315fdd3befa165920749cb035680b02,-1,11.63145269548145,True,hemisphere,0.003999999998354459,1969
0.04495174830137061,0.0497217670605066,12.430441843767413,1.8029761389050545,A05,P_high,0.5589320072904229,max,,3.2507229574609786,True,0.007069863912159188,0.0009892109561711207,0.20178602443957097,0.5861168068119034,1.6647986608304908,0.004,6.326465610065335e-09,f5a8cb08151ac213053649ffaefbd3bf4315fdd3befa165920749cb035680b02,1,11.63145269548145,True,hemisphere,0.003999999974694138,1969
0.051209876104682944,0.057535882734834606,7.191985349410648,1.8029761389050545,A05,P_high,0.6087386729195714,min,,3.2507229574609786,True,0.0070256822981203055,0.0009989421328925555,0.2009480027032566,0.5861168068119034,1.6647986608304908,0.008,1.050658691992279e-09,f5a8cb08151ac213053649ffaefbd3bf4315fdd3befa165920749cb035680b02,-1,6.451251597009608,True,hemisphere,0.00799999999159473,1969
0.04913063362323443,0.059221216975699494,7.402652126721356,1.8029761389050545,A05,P_high,0.6168099623173475,min,,3.2507229574609786,True,0.00694098007406294,0.0009993140778955438,0.2020206099713567,0.5746132411325382,1.6453994421117681,0.008,6.42866836153555e-10,f5a8cb08151ac213053649ffaefbd3bf4315fdd3befa165920749cb035680b02,1,6.451251597009608,True,hemisphere,0.007999999994857065,1969
0.09440257259909764,0.10336492910591139,12.920616243889716,1.8029761389050545,A05,P_high,0.6147008165717125,max,,3.2507229574609786,True,0.007291282906051351,0.0009868641751959923,0.2020206099713567,0.5714284468872236,1.621325666413994,0.008,8.176915958571507e-09,f5a8cb08151ac213053649ffaefbd3bf4315fdd3befa165920749cb035680b02,-1,11.63145269548145,True,hemisphere,0.007999999934584672,1969
0.0882113046697378,0.09815452070519504,12.269315095235816,1.8029761389050545,A05,P_high,0.6157599342986941,max,,3.2507229574609786,True,0.007069863912159188,0.0009892109561711207,0.20155202939619296,0.5861168068119034,1.6647986608304908,0.008,5.77574012922133e-10,f5a8cb08151ac213053649ffaefbd3bf4315fdd3befa165920749cb035680b02,1,11.63145269548145,True,hemisphere,0.007999999995379408,1969
0.025348739402339927,0.028876851031789073,7.219212760262933,1.8632927128995083,A06,P_high,0.5627494659274817,min,,3.471859733944409,True,0.006936279228603021,0.0009980213567581386,0.19690732803139468,0.6146331780978713,1.6369529831228793,0.004,3.2076424849591945e-10,9ef6df49fefb075545c5d652e29c6b0f5e4181a4ba4a7d782e2febeb5a9f6f4d,-1,6.337770329426147,True,hemisphere,0.003999999998716943,2355
0.02525100509689766,0.02895078578732968,7.237696447865507,1.8632927128995083,A06,P_high,0.5679873786866665,min,,3.471859733944409,True,0.0068578544426656785,0.0009990021039764127,0.19758345793070106,0.6090586261485529,1.6304564903077858,0.004,1.4273695073119264e-10,9ef6df49fefb075545c5d652e29c6b0f5e4181a4ba4a7d782e2febeb5a9f6f4d,1,6.337770329426147,True,hemisphere,0.003999999999429052,2355
0.04721696329857709,0.04930496233418799,12.326240655876926,1.8632927128995083,A06,P_high,0.5594311831519008,max,,3.471859733944409,True,0.007231481116126022,0.000986692583940473,0.19758345793070106,0.6103385516754876,1.6135280748789418,0.004,5.867963450215119e-09,9ef6df49fefb075545c5d652e29c6b0f5e4181a4ba4a7d782e2febeb5a9f6f4d,-1,11.809121270850454,True,hemisphere,0.003999999976528146,2355
0.04605512331939731,0.048603080748112565,12.15077020289258,1.8632927128995083,A06,P_high,0.5598033368587494,max,,3.471859733944409,True,0.007150560578059471,0.0009959563449079359,0.19733789348165892,0.6146331780978713,1.6369529831228793,0.004,1.3056324684596055e-09,9ef6df49fefb075545c5d652e29c6b0f5e4181a4ba4a7d782e2febeb5a9f6f4d,1,11.809121270850454,True,hemisphere,0.00399999999477747,2355
0.05072671387076471,0.05739921678269201,7.174902169729181,1.8632927128995083,A06,P_high,0.6019209725782275,min,,3.471859733944409,True,0.006936279228603021,0.0009987041898278039,0.1962281167947623,0.6146331780978713,1.6369529831228793,0.008,1.002002235524213e-08,9ef6df49fefb075545c5d652e29c6b0f5e4181a4ba4a7d782e2febeb5a9f6f4d,-1,6.337770329426147,True,hemisphere,0.007999999919839821,2355
0.050277254636090875,0.0579194917993531,7.239936479127802,1.8632927128995083,A06,P_high,0.6147355446591973,min,,3.471859733944409,True,0.0068578544426656785,0.0009990021039764127,0.19758345793070106,0.6034032198377461,1.6232531525595777,0.008,5.81312342012863e-10,9ef6df49fefb075545c5d652e29c6b0f5e4181a4ba4a7d782e2febeb5a9f6f4d,1,6.337770329426147,True,hemisphere,0.007999999995349501,2355
0.09557013018664254,0.09933956552834944,12.417445703795845,1.8632927128995083,A06,P_high,0.6198180895298719,max,,3.471859733944409,True,0.0073101861784455316,0.0009898108765117725,0.19758345793070106,0.6059556093429046,1.5900751163997349,0.008,1.0269556472569663e-09,9ef6df49fefb075545c5d652e29c6b0f5e4181a4ba4a7d782e2febeb5a9f6f4d,-1,11.809121270850454,True,hemisphere,0.007999999991784355,2355
0.09118974400133853,0.09741419913927232,12.176774916284243,1.8632927128995083,A06,P_high,0.6119248541072011,max,,3.471859733944409,True,0.007150560578059471,0.0009959563449079359,0.19708005904625622,0.6146331780978713,1.6369529831228793,0.008,1.960716528373596e-09,9ef6df49fefb075545c5d652e29c6b0f5e4181a4ba4a7d782e2febeb5a9f6f4d,1,11.809121270850454,True,hemisphere,0.007999999984314268,2355
0.025322492290554357,0.027749561086165137,6.937390435656554,1.875804450199722,A07,P_high,0.5551716815680265,min,,3.518642335389081,True,0.006721056752826259,0.0009910927319360125,0.19156555640603165,0.6497211695672609,1.608826020606107,0.004,2.3656628739265884e-08,e0c878e435caf6be4067272c9ecc8fab983dba12c183e2ee1be69b2ed8295f98,-1,6.5108802170330575,True,hemisphere,0.003999999905373485,2754
0.025976098648767872,0.028637701756561412,7.159425441740547,1.875804450199722,A07,P_high,0.5540540954098105,min,,3.518642335389081,True,0.006777660996972611,0.0009915743554769266,0.19231379147473815,0.6447313468130812,1.6017421687940299,0.004,3.631847426965873e-10,e0c878e435caf6be4067272c9ecc8fab983dba12c183e2ee1be69b2ed8295f98,1,6.5108802170330575,True,hemisphere,0.003999999998547261,2754
0.049054434454427524,0.04828396469935679,12.070991175153488,1.875804450199722,A07,P_high,0.5615017777308822,max,,3.518642335389081,True,0.007546137929807053,0.000995093520425344,0.19231379147473815,0.6478969467775038,1.5858107911055952,0.004,2.6036681491370395e-11,e0c878e435caf6be4067272c9ecc8fab983dba12c183e2ee1be69b2ed8295f98,-1,12.213138085827941,True,hemisphere,0.003999999999895853,2754
0.04781875896586756,0.0507266147858893,12.681653944054561,1.875804450199722,A07,P_high,0.5565933156758547,max,,3.518642335389081,True,0.0072394940754098,0.00099998501448746,0.1921112789017764,0.6497211695672609,1.608826020606107,0.004,1.9522866396420868e-08,e0c878e435caf6be4067272c9ecc8fab983dba12c183e2ee1be69b2ed8295f98,1,12.213138085827941,True,hemisphere,0.0039999999219085345,2754
0.050286595532656526,0.054365740354835664,6.795717545965766,1.875804450199722,A07,P_high,0.6022941134870052,min,,3.518642335389081,True,0.006721056752826259,0.0009940670724661249,0.1907663616705857,0.6497211695672609,1.608826020606107,0.008,2.3710634150519994e-10,e0c878e435caf6be4067272c9ecc8fab983dba12c183e2ee1be69b2ed8295f98,-1,6.5108802170330575,True,hemisphere,0.00799999999810315,2754
0.051796262090306446,0.05669247467519011,7.086559376871412,1.875804450199722,A07,P_high,0.5989924911409616,min,,3.518642335389081,True,0.006777660996972611,0.0009945845434719152,0.19231379147473815,0.6395044952470083,1.594167630914997,0.008,5.993408894178209e-09,e0c878e435caf6be4067272c9ecc8fab983dba12c183e2ee1be69b2ed8295f98,1,6.5108802170330575,True,hemisphere,0.007999999952052729,2754
0.09852255772419387,0.09665315925454221,12.08164490682866,1.875804450199722,A07,P_high,0.5970805827528238,max,,3.518642335389081,True,0.007567233483028486,0.000995388187625795,0.19231379147473815,0.6460158731330239,1.5629474276336068,0.008,9.009720053354542e-13,e0c878e435caf6be4067272c9ecc8fab983dba12c183e2ee1be69b2ed8295f98,-1,12.213138085827941,True,hemisphere,0.007999999999992792,2754
0.09380330728482732,0.09253492502552438,11.566865671624571,1.875804450199722,A07,P_high,0.6037863520905375,max,,3.518642335389081,True,0.0072394940754098,0.00099998501448746,0.1919004074546166,0.6497211695672609,1.608826020606107,0.008,3.755038380931497e-09,e0c878e435caf6be4067272c9ecc8fab983dba12c183e2ee1be69b2ed8295f98,1,12.213138085827941,True,hemisphere,0.007999999969959693,2754
0.03195399857720061,0.0335434206580747,8.385855244087793,1.6136559810701512,A08,P_high,0.5495589142665267,min,,2.603885625243472,True,0.007150758905184411,0.0009903934127381876,0.19576251856680646,0.6003500053822051,1.280453266783794,0.004,9.488491589659809e-09,cb18cfdad6b440a18450bdf4314b859fbe03824b8d079127a0f0eb0a674831c4,-1,8.072220200998816,True,hemisphere,0.003999999962046034,3140
0.03216510021842411,0.03379043449716876,8.447608626789435,1.6136559810701512,A08,P_high,0.5659607136622071,min,,2.603885625243472,True,0.00715916626335956,0.0009973161569615636,0.19662867673422185,0.5901330528958061,1.2715286047513166,0.004,2.956157454242492e-10,cb18cfdad6b440a18450bdf4314b859fbe03824b8d079127a0f0eb0a674831c4,1,8.072220200998816,True,hemisphere,0.003999999998817537,3140
0.05228961601894792,0.05343803786235375,13.359509620951972,1.6136559810701512,A08,P_high,0.5498215518891811,max,,2.603885625243472,True,0.007434455447896326,0.0009928484705358437,0.19662217694671252,0.5988715662890834,1.258884024643674,0.004,1.1629433960963498e-08,cb18cfdad6b440a18450bdf4314b859fbe03824b8d079127a0f0eb0a674831c4,-1,13.025786407857037,True,hemisphere,0.003999999953482264,3140
0.05179836055835396,0.05682675768747331,14.206689520491723,1.6136559810701512,A08,P_high,0.565919985063374,max,,2.603885625243472,True,0.005539170966232752,0.000767764537754144,0.19662867673422185,0.6003500053822051,1.280453266783794,0.004,6.942039174409609e-09,cb18cfdad6b440a18450bdf4314b859fbe03824b8d079127a0f0eb0a674831c4,1,13.025786407857037,True,hemisphere,0.003999999972231843,3140
0.06301530486348877,0.06639995381881048,8.299994309060558,1.6136559810701512,A08,P_high,0.6106107840314507,min,,2.603885625243472,True,0.007150758905184411,0.0009903934127381876,0.1948756422152276,0.6003500053822051,1.280453266783794,0.008,9.844494577165852e-09,cb18cfdad6b440a18450bdf4314b859fbe03824b8d079127a0f0eb0a674831c4,-1,8.072220200998816,True,hemisphere,0.007999999921244044,3140
0.06380269942208112,0.0673742415251066,8.42178027825397,1.6136559810701512,A08,P_high,0.6150679243728518,min,,2.603885625243472,True,0.0071757180825660575,0.0009993426169273506,0.19662867673422185,0.5796340612529335,1.2626903431450545,0.008,1.0403458910318575e-08,cb18cfdad6b440a18450bdf4314b859fbe03824b8d079127a0f0eb0a674831c4,1,8.072220200998816,True,hemisphere,0.007999999916772329,3140
0.10489140718867981,0.10681334365416496,13.351667956893928,1.6136559810701512,A08,P_high,0.6085682595148683,max,,2.603885625243472,True,0.007434455447896326,0.0009929274706034351,0.196609534080015,0.5974896520957633,1.2375759320605981,0.008,9.235450945666024e-12,cb18cfdad6b440a18450bdf4314b859fbe03824b8d079127a0f0eb0a674831c4,-1,13.025786407857037,True,hemisphere,0.007999999999926117,3140
0.10287137656604554,0.11357031615151042,14.196289556735511,1.6136559810701512,A08,P_high,0.6027768608182669,max,,2.603885625243472,True,0.005789608087442757,0.000792872475767761,0.1966270812001308,0.6003500053822051,1.280453266783794,0.008,2.6624358100135748e-09,cb18cfdad6b440a18450bdf4314b859fbe03824b8d079127a0f0eb0a674831c4,1,13.025786407857037,True,hemisphere,0.007999999978700514,3140
0.039120476157445835,0.03973498146519987,9.933745369136966,1.2392768036185735,A09,P_high,0.561268643476069,min,,1.5358069959870684,True,0.007598716118105357,0.0009959826260231795,0.17731977425100198,0.6238218579626024,1.1141001416190455,0.004,2.855920794991862e-10,c5044ea2e797f64bdd52e79c13a9c7896c8e06975a4ad38161b2cf56d4f76492,-1,9.799085355392235,True,hemisphere,0.003999999998857632,3614
0.038627860863071344,0.035329420402648,8.83235522937548,1.2392768036185735,A09,P_high,0.5477548111230135,min,,1.5358069959870684,True,0.007521686997587148,0.0009997452019882358,0.17622146190087865,0.6143023068687767,1.1071994451232205,0.004,1.457295113575785e-08,c5044ea2e797f64bdd52e79c13a9c7896c8e06975a4ad38161b2cf56d4f76492,1,9.799085355392235,True,hemisphere,0.0039999999417081955,3614
0.04856371289923498,0.04976745640762553,12.441864117847778,1.2392768036185735,A09,P_high,0.5626942459493876,max,,1.5358069959870684,True,0.006914373140182977,0.0009869408608167785,0.17415915735842435,0.6221252998957004,1.0942419856829804,0.004,1.2812706624842907e-09,c5044ea2e797f64bdd52e79c13a9c7896c8e06975a4ad38161b2cf56d4f76492,-1,12.14377917761606,True,hemisphere,0.003999999994874917,3614
0.04769333057764358,0.04617347964323301,11.5433701767904,1.2392768036185735,A09,P_high,0.5614886535331607,max,,1.5358069959870684,True,0.006824775532812901,0.0009953127637458736,0.17731977425100198,0.6238218579626024,1.1141001416190455,0.004,2.3041983685662126e-08,c5044ea2e797f64bdd52e79c13a9c7896c8e06975a4ad38161b2cf56d4f76492,1,12.14377917761606,True,hemisphere,0.003999999907832065,3614
0.0766946052061689,0.07641681363981954,9.55210181273483,1.2392768036185735,A09,P_high,0.6095862565562129,min,,1.5358069959870684,True,0.007598716118105357,0.0009959826260231795,0.17731977425100198,0.6238218579626024,1.1141001416190455,0.008,1.1281013232930515e-08,c5044ea2e797f64bdd52e79c13a9c7896c8e06975a4ad38161b2cf56d4f76492,-1,9.799085355392235,True,hemisphere,0.007999999909751894,3614
0.07611278364794544,0.07640397542822283,9.55049692865915,1.2392768036185735,A09,P_high,0.5919045871123672,min,,1.5358069959870684,True,0.007521686997587148,0.0009997452019882358,0.17495463721604917,0.6027242000169944,1.099239985628437,0.008,1.3747683547116196e-11,c5044ea2e797f64bdd52e79c13a9c7896c8e06975a4ad38161b2cf56d4f76492,1,9.799085355392235,True,hemisphere,0.007999999999890019,3614
0.09791604131732748,0.09992775211499705,12.490969016419552,1.2392768036185735,A09,P_high,0.6053958656266332,max,,1.5358069959870684,True,0.006979325231390428,0.0009893981422235435,0.17102088439306778,0.6203833250759296,1.0745242166416449,0.008,1.637119259600972e-10,c5044ea2e797f64bdd52e79c13a9c7896c8e06975a4ad38161b2cf56d4f76492,-1,12.14377917761606,True,hemisphere,0.007999999998690305,3614
0.0951016671684167,0.10451013014032096,13.063766269206589,1.2392768036185735,A09,P_high,0.5959037458524108,max,,1.5358069959870684,True,0.006824775532812901,0.0009953127637458736,0.17731977425100198,0.6238218579626024,1.1141001416190455,0.008,1.275641918485615e-10,c5044ea2e797f64bdd52e79c13a9c7896c8e06975a4ad38161b2cf56d4f76492,1,12.14377917761606,True,hemisphere,0.007999999998979487,3614
0.03982161636419011,0.04012433550882452,10.031083884161433,1.4690214408413615,A10,P_high,0.5470523284748197,min,,2.15802399365163,True,0.00353816559798117,0.000987470579510995,0.10383775823935304,0.546734173043187,0.6524126350178552,0.004,6.933750448800957e-10,4bb9403f69a59580783cee8eb70415a6a8a6f665503d71a6a94df8b19365eef0,-1,10.147363607325849,True,hemisphere,0.0039999999972265,4000
0.04031499363803422,0.04020419985841719,10.051050109133293,1.4690214408413615,A10,P_high,0.5529916416853666,min,,2.15802399365163,True,0.0034317823952777163,0.0009913234057252953,0.10276397243731927,0.5460478808435114,0.645666038823677,0.004,1.4379492171631703e-08,4bb9403f69a59580783cee8eb70415a6a8a6f665503d71a6a94df8b19365eef0,1,10.147363607325849,True,hemisphere,0.003999999942482031,4000
0.05994415377766745,0.05716323184804106,14.290807963443156,1.4690214408413615,A10,P_high,0.5474300719797611,max,,2.15802399365163,True,0.007795496007539891,0.0009976746458189455,0.10383775823935304,0.546734173043187,0.6524126350178552,0.004,1.0026658323059046e-10,4bb9403f69a59580783cee8eb70415a6a8a6f665503d71a6a94df8b19365eef0,-1,14.906694707175015,True,hemisphere,0.003999999999598934,4000
0.05917571879175263,0.06027372762984366,15.068431951776436,1.4690214408413615,A10,P_high,0.5571009172126651,max,,2.15802399365163,True,0.00579997113314152,0.0007523662506319676,0.10287317966802899,0.5355061764504024,0.6463521878542262,0.004,2.9409510850925136e-09,4bb9403f69a59580783cee8eb70415a6a8a6f665503d71a6a94df8b19365eef0,1,14.906694707175015,True,hemisphere,0.003999999988236196,4000
0.07928388525276119,0.07979586636045034,9.974483307539884,1.4690214408413615,A10,P_high,0.5984274297952652,min,,2.15802399365163,True,0.00353816559798117,0.000987470579510995,0.10383775823935304,0.546734173043187,0.6524126350178552,0.008,1.251552680936463e-09,4bb9403f69a59580783cee8eb70415a6a8a6f665503d71a6a94df8b19365eef0,-1,10.147363607325849,True,hemisphere,0.007999999989987579,4000
0.08120429551468694,0.08081861098650486,10.102326448050103,1.4690214408413615,A10,P_high,0.5969774937257171,min,,2.15802399365163,True,0.0034320818953820073,0.0009913234057252953,0.10173064790364586,0.5456090256432147,0.6391736607786069,0.008,7.397998446484477e-09,4bb9403f69a59580783cee8eb70415a6a8a6f665503d71a6a94df8b19365eef0,1,10.147363607325849,True,hemisphere,0.007999999940816013,4000
0.12052346187018753,0.11465322969911436,14.331653712931184,1.4690214408413615,A10,P_high,0.6082415096461773,max,,2.15802399365163,True,0.007824154513929494,0.0009976746458189455,0.10383775823935304,0.546734173043187,0.6524126350178552,0.008,3.781068340369398e-11,4bb9403f69a59580783cee8eb70415a6a8a6f665503d71a6a94df8b19365eef0,-1,14.906694707175015,True,hemisphere,0.007999999999697515,4000
0.11718724129341314,0.11611131397959387,14.513914249069074,1.4690214408413615,A10,P_high,0.620093883946538,max,,2.15802399365163,True,0.007677120968838342,0.0009998870003033488,0.10202121846415584,0.5241156862026937,0.6409993156102911,0.008,1.1160603691218185e-10,4bb9403f69a59580783cee8eb70415a6a8a6f665503d71a6a94df8b19365eef0,1,14.906694707175015,True,hemisphere,0.007999999999107152,4000
0.05288096172124093,0.05025783072429252,12.564457927083524,1.1253848807368205,A11,P_high,0.556786984205246,min,,1.2664911297910277,True,0.007122102399616979,0.0009840194389234187,0.12215481506722352,0.5898627123823793,0.7674987030673655,0.004,1.957986528987321e-08,8056188117f1d1d85c341d482f2df6d54420d222a34d31fb94fb2d8c4aba10ec,-1,13.402894627312708,True,hemisphere,0.003999999921680539,4423
0.052614331180374445,0.05032996777625716,12.582491991910551,1.1253848807368205,A11,P_high,0.55817208904773,min,,1.2664911297910277,True,0.007055056674275499,0.0009873530519252502,0.12044222485546785,0.5932778099949797,0.7567384987669046,0.004,3.802606233366257e-09,8056188117f1d1d85c341d482f2df6d54420d222a34d31fb94fb2d8c4aba10ec,1,13.402894627312708,True,hemisphere,0.003999999984789575,4423
0.06006714113399959,0.05596311826925072,13.990779604323247,1.1253848807368205,A11,P_high,0.5512457154691219,max,,1.2664911297910277,True,0.006998224962013575,0.000994465889634177,0.12087636605147227,0.5913993794206385,0.7594662079014003,0.004,2.6453542047860656e-09,8056188117f1d1d85c341d482f2df6d54420d222a34d31fb94fb2d8c4aba10ec,-1,15.083414971686485,True,hemisphere,0.003999999989418583,4423
0.059995145861587065,0.04868887031328512,12.172217807757175,1.1253848807368205,A11,P_high,0.5471603879705071,max,,1.2664911297910277,True,0.007136906403596942,0.0009974019678194077,0.12215481506722352,0.5932778099949797,0.7674987030673655,0.004,1.8849144684321417e-08,8056188117f1d1d85c341d482f2df6d54420d222a34d31fb94fb2d8c4aba10ec,1,15.083414971686485,True,hemisphere,0.003999999924603421,4423
0.10577284601837038,0.1006454300997913,12.580678820508485,1.1253848807368205,A11,P_high,0.6011993233114481,min,,1.2664911297910277,True,0.007211314902018839,0.000987794508908946,0.12215481506722352,0.5854130025911233,0.7674987030673655,0.008,4.612992279828809e-09,8056188117f1d1d85c341d482f2df6d54420d222a34d31fb94fb2d8c4aba10ec,-1,13.402894627312708,True,hemisphere,0.007999999963096062,4423
0.10500262376309784,0.10044338085741965,12.552150827620332,1.1253848807368205,A11,P_high,0.5876726908609271,min,,1.2664911297910277,True,0.007055056674275499,0.0009873530519252502,0.11877004916120416,0.5932778099949797,0.7462322188798458,0.008,0.0002606548950897375,8056188117f1d1d85c341d482f2df6d54420d222a34d31fb94fb2d8c4aba10ec,1,13.402894627312708,True,hemisphere,0.008002085239160718,4423
0.10609274394301711,0.10197158192173289,12.74644775506522,1.1253848807368205,A11,P_high,0.5941289309412241,max,,1.2664911297910277,True,0.006998224962013575,0.000994465889634177,0.1196944271521794,0.5908599127162859,0.7520400857971432,0.008,1.1649214579079192e-09,8056188117f1d1d85c341d482f2df6d54420d222a34d31fb94fb2d8c4aba10ec,-1,15.083414971686485,True,hemisphere,0.007999999990680629,4423
0.11963672892960356,0.1082643053698148,13.53303819388742,1.1253848807368205,A11,P_high,0.5966855334118009,max,,1.2664911297910277,True,0.007136906403596942,0.0009974019678194077,0.12215481506722352,0.5932778099949797,0.7674987030673655,0.008,1.6744628687087593e-09,8056188117f1d1d85c341d482f2df6d54420d222a34d31fb94fb2d8c4aba10ec,1,15.083414971686485,True,hemisphere,0.007999999986604297,4423
0.03456500300404007,0.03445014475716587,8.6125361900888,1.6360931696941505,A12,P_high,0.5433286819607019,min,,2.6768008599198523,True,0.006876059098235427,0.0009960840860926763,0.15137829807475348,0.5697248336884453,1.204090476660778,0.004,9.257828878506125e-11,092b886bcf5f2c75ba4046272b8c9e79c844978c89982d8eb1de3c761f0c3a91,-1,8.667203206129765,True,hemisphere,0.003999999999629687,4797
0.034378391871924444,0.03428127283382232,8.570318243068355,1.6360931696941505,A12,P_high,0.5435993419960141,min,,2.6768008599198523,True,0.006827986622369467,0.000994813151289498,0.15223808440813702,0.5810336451394802,1.205365117019182,0.004,4.038680414403251e-09,092b886bcf5f2c75ba4046272b8c9e79c844978c89982d8eb1de3c761f0c3a91,1,8.667203206129765,True,hemisphere,0.003999999983845278,4797
0.056665966689426236,0.05623728150656792,14.059320450894239,1.6360931696941505,A12,P_high,0.5437232609838247,max,,2.6768008599198523,True,0.0073412209839104755,0.000995384070559295,0.15223808440813702,0.5804090554384359,1.1840551781692688,0.004,5.281354780589664e-09,092b886bcf5f2c75ba4046272b8c9e79c844978c89982d8eb1de3c761f0c3a91,-1,14.18035196590015,True,hemisphere,0.003999999978874581,4797
0.05665887401757665,0.060519740306841416,15.129935145711624,1.6360931696941505,A12,P_high,0.538495771586895,max,,2.6768008599198523,True,0.005587844924633452,0.0007564093428256653,0.1521937797422742,0.5810336451394802,1.205365117019182,0.004,4.560579344725646e-09,092b886bcf5f2c75ba4046272b8c9e79c844978c89982d8eb1de3c761f0c3a91,1,14.18035196590015,True,hemisphere,0.003999999981757683,4797
0.06918225768696228,0.06904076192241082,8.630095273831481,1.6360931696941505,A12,P_high,0.6016687992960215,min,,2.6768008599198523,True,0.006926043255830207,0.000997783350398341,0.1505276685746687,0.5579005505149086,1.203020027855331,0.008,3.885255832336565e-09,092b886bcf5f2c75ba4046272b8c9e79c844978c89982d8eb1de3c761f0c3a91,-1,8.667203206129765,True,hemisphere,0.007999999968917954,4797
0.068518491801369,0.06835098611829105,8.543873266445289,1.6360931696941505,A12,P_high,0.6024002805352211,min,,2.6768008599198523,True,0.006827986622369467,0.000994813151289498,0.15223808440813702,0.5810336451394802,1.205365117019182,0.008,1.9416347869782857e-10,092b886bcf5f2c75ba4046272b8c9e79c844978c89982d8eb1de3c761f0c3a91,1,8.667203206129765,True,hemisphere,0.007999999998446692,4797
0.11312257472528105,0.11207929717361115,14.009912149212564,1.6360931696941505,A12,P_high,0.5936551671475172,max,,2.6768008599198523,True,0.0073412209839104755,0.000995384070559295,0.15223808440813702,0.579885134838717,1.163199985987847,0.008,1.7924247155964856e-10,092b886bcf5f2c75ba4046272b8c9e79c844978c89982d8eb1de3c761f0c3a91,-1,14.18035196590015,True,hemisphere,0.00799999999856606,4797
0.11405022089156125,0.12219138211962637,15.273922765166738,1.6360931696941505,A12,P_high,0.5998888434842229,max,,2.6768008599198523,True,0.005759756032385269,0.0007568082453349501,0.1521575778136541,0.5810336451394802,1.205365117019182,0.008,1.3974281801165667e-11,092b886bcf5f2c75ba4046272b8c9e79c844978c89982d8eb1de3c761f0c3a91,1,14.18035196590015,True,hemisphere,0.007999999999888206,4797
0.026996652111797664,0.0287753848046563,7.193846255128588,1.9711144922199293,A13,P_high,0.5440026735886931,min,,3.8852923414394294,True,0.00643004255623543,0.000997275520921382,0.15184382524007226,0.5897423864522522,1.494662221077706,0.004,7.50148272492257e-09,85be7f459ff6916d4004505f275bde512c9cdf178036558e107beee51e2333f9,-1,6.833518861197366,True,hemisphere,0.003999999969994069,5208
0.02730126671513045,0.028796764515074843,7.199191131031969,1.9711144922199293,A13,P_high,0.5410222820937634,min,,3.8852923414394294,True,0.006461173353725003,0.000996190741563201,0.1526357620583116,0.5982423703273164,1.495858361616195,0.004,3.1437677981693835e-10,85be7f459ff6916d4004505f275bde512c9cdf178036558e107beee51e2333f9,1,6.833518861197366,True,hemisphere,0.003999999998742493,5208
0.05370554578814305,0.05264665243798829,13.161663111335237,1.9711144922199293,A13,P_high,0.5446193609386683,max,,3.8852923414394294,True,0.007404882867577641,0.0009895275216939628,0.15257890530490714,0.5972965586825655,1.473100964403549,0.004,1.3966063548698227e-10,85be7f459ff6916d4004505f275bde512c9cdf178036558e107beee51e2333f9,-1,13.469648060164353,True,hemisphere,0.0039999999994413575,5208
0.053822853825697826,0.05655473256698593,14.13868314399547,1.9711144922199293,A13,P_high,0.5396583173424006,max,,3.8852923414394294,True,0.005572945607275425,0.0007618739811575768,0.1526357620583116,0.5982423703273164,1.495858361616195,0.004,1.5906633649143131e-10,85be7f459ff6916d4004505f275bde512c9cdf178036558e107beee51e2333f9,1,13.469648060164353,True,hemisphere,0.003999999999363735,5208
0.05437354970242824,0.05766795628703518,7.2084946228482565,1.9711144922199293,A13,P_high,0.5962601881474257,min,,3.8852923414394294,True,0.006711407823940973,0.000997275520921382,0.1510774078861816,0.580833049061103,1.492855710006578,0.008,1.2064774092962471e-08,85be7f459ff6916d4004505f275bde512c9cdf178036558e107beee51e2333f9,-1,6.833518861197366,True,hemisphere,0.007999999903481807,5208
0.054884020556674726,0.05760012132028423,7.200015165256593,1.9711144922199293,A13,P_high,0.6064537689089775,min,,3.8852923414394294,True,0.006486476237762483,0.0009981360512378065,0.1526357620583116,0.5982423703273164,1.495858361616195,0.008,3.07033044821825e-11,85be7f459ff6916d4004505f275bde512c9cdf178036558e107beee51e2333f9,1,6.833518861197366,True,hemisphere,0.007999999999754374,5208
0.10954297695768749,0.10467498461136766,13.084373210107763,1.9711144922199293,A13,P_high,0.6048995088785887,max,,3.8852923414394294,True,0.007404882867577641,0.0009895275216939628,0.15254594494125254,0.5965560759156859,1.4509531262124709,0.008,1.021728773635544e-08,85be7f459ff6916d4004505f275bde512c9cdf178036558e107beee51e2333f9,-1,13.469648060164353,True,hemisphere,0.007999999918261698,5208
0.10763009124409532,0.11342444254988254,14.178055325830162,1.9711144922199293,A13,P_high,0.5996293276548386,max,,3.8852923414394294,True,0.005594090213699183,0.0007618739811575768,0.1526357620583116,0.5982423703273164,1.495858361616195,0.008,5.004102601041671e-10,85be7f459ff6916d4004505f275bde512c9cdf178036558e107beee51e2333f9,1,13.469648060164353,True,hemisphere,0.007999999995996718,5208
0.03344181561771051,0.034003294642060415,8.500823758459957,1.5777279946282734,A14,P_high,0.5491869803518057,min,,2.489225625033753,True,0.008297617601561915,0.000990970058299492,0.16181789284142556,0.6730741750581194,1.618169868314737,0.004,1.1521807379705207e-08,22dbe5a16be1354b25f32971543e9e00db83ad639f89b8f964d5c04468f1a818,-1,8.479911846569966,True,hemisphere,0.0039999999539127706,5595
0.03391266488949575,0.03211642733898998,8.02910683630878,1.5777279946282734,A14,P_high,0.551764870993793,min,,2.489225625033753,True,0.008394701783077812,0.0009963781042441424,0.1627826069665488,0.6786577555149998,1.618169868314737,0.004,1.944531775183167e-10,22dbe5a16be1354b25f32971543e9e00db83ad639f89b8f964d5c04468f1a818,1,8.479911846569966,True,hemisphere,0.003999999999222187,5595
0.053603354323921396,0.05232096127768956,13.080240421017818,1.5777279946282734,A14,P_high,0.5502705750986934,max,,2.489225625033753,True,0.00838303916475986,0.0009915477335510064,0.1627826069665488,0.6786577555149998,1.593004152521487,0.004,7.767091874180676e-09,22dbe5a16be1354b25f32971543e9e00db83ad639f89b8f964d5c04468f1a818,-1,13.37899431231337,True,hemisphere,0.003999999968931633,5595
0.052932193946394916,0.045492511105997946,11.373127776499478,1.5777279946282734,A14,P_high,0.5430002016946673,max,,2.489225625033753,True,0.008326345819832024,0.0009997047971407424,0.16222294622137165,0.6781885886614328,1.618169868314737,0.004,6.505213034913027e-16,22dbe5a16be1354b25f32971543e9e00db83ad639f89b8f964d5c04468f1a818,1,13.37899431231337,True,hemisphere,0.004000000000000003,5595
0.06563624457267064,0.06779589779115561,8.474487296266062,1.5777279946282734,A14,P_high,0.6012968625873327,min,,2.489225625033753,True,0.008297617601561915,0.000990970058299492,0.1608617746362138,0.6670687042605141,1.618169868314737,0.008,8.539939805665697e-09,22dbe5a16be1354b25f32971543e9e00db83ad639f89b8f964d5c04468f1a818,-1,8.479911846569966,True,hemisphere,0.007999999931680482,5595
0.06820077495627913,0.06665124232850829,8.331405334133075,1.5777279946282734,A14,P_high,0.5988810071721673,min,,2.489225625033753,True,0.008446786598128201,0.0009986719744092126,0.1627826069665488,0.6786577555149998,1.618169868314737,0.008,5.1695407937008e-09,22dbe5a16be1354b25f32971543e9e00db83ad639f89b8f964d5c04468f1a818,1,8.479911846569966,True,hemisphere,0.007999999958643674,5595
0.10763924513701459,0.10466022488655463,13.082528112960542,1.5777279946282734,A14,P_high,0.6060231709852815,max,,2.489225625033753,True,0.0084044603254202,0.0009920881717070396,0.1627826069665488,0.6786577555149998,1.568085046464957,0.008,1.6366964207537027e-10,22dbe5a16be1354b25f32971543e9e00db83ad639f89b8f964d5c04468f1a818,-1,13.37899431231337,True,hemisphere,0.007999999998690643,5595
0.10616490696940223,0.10148267930877777,12.685334923815555,1.5777279946282734,A14,P_high,0.5953461928293109,max,,2.489225625033753,True,0.008326345819832024,0.0009997047971407424,0.16134733023785514,0.6775597213680757,1.618169868314737,0.008,8.055233997189548e-10,22dbe5a16be1354b25f32971543e9e00db83ad639f89b8f964d5c04468f1a818,1,13.37899431231337,True,hemisphere,0.007999999993555813,5595
